"url","handle","lastmod","image_title","image_loc"
"https://kr.sidiz.com/blogs/news","blogs/news","2026-07-27T11:37:20+09:00",,
"https://kr.sidiz.com/blogs/s-culture","blogs/s-culture","2026-08-25T11:00:58+09:00",,
"https://kr.sidiz.com/blogs/ir%EC%9E%90%EB%A3%8C","blogs/ir%EC%9E%90%EB%A3%8C","2026-04-20T12:43:20+09:00",,
"https://kr.sidiz.com/blogs/%EC%A0%9C%ED%92%88%EA%B0%80%EC%9D%B4%EB%93%9C-%EC%83%81%EC%84%B8","blogs/%EC%A0%9C%ED%92%88%EA%B0%80%EC%9D%B4%EB%93%9C-%EC%83%81%EC%84%B8","2025-06-18T09:41:26+09:00",,
"https://kr.sidiz.com/blogs/%EC%A0%9C%ED%92%88%EA%B0%80%EC%9D%B4%EB%93%9C%EC%83%81%EC%84%B8-1","blogs/%EC%A0%9C%ED%92%88%EA%B0%80%EC%9D%B4%EB%93%9C%EC%83%81%EC%84%B8-1","2024-04-17T14:18:02+09:00",,
"https://kr.sidiz.com/blogs/special-offers","blogs/special-offers","2026-08-14T17:00:10+09:00",,
"https://kr.sidiz.com/blogs/service-faq","blogs/service-faq","2026-02-12T13:33:19+09:00",,
"https://kr.sidiz.com/blogs/product-faq","blogs/product-faq","2026-08-25T10:55:31+09:00",,
"https://kr.sidiz.com/blogs/%EC%9E%84%EC%A7%81%EC%9B%90-%ED%95%A0%EC%9D%B8","blogs/%EC%9E%84%EC%A7%81%EC%9B%90-%ED%95%A0%EC%9D%B8","2026-04-20T11:23:55+09:00",,
"https://kr.sidiz.com/blogs/%EC%8B%9C%EB%94%94%EC%A6%88-%EC%87%BC%ED%95%91%EB%AA%B0-%EC%9D%B4%EC%9A%A9%EC%95%BD%EA%B4%80","blogs/%EC%8B%9C%EB%94%94%EC%A6%88-%EC%87%BC%ED%95%91%EB%AA%B0-%EC%9D%B4%EC%9A%A9%EC%95%BD%EA%B4%80","2026-04-17T16:19:43+09:00",,
"https://kr.sidiz.com/blogs/%EA%B0%9C%EC%9D%B8%EC%A0%95%EB%B3%B4-%EC%88%98%EC%A7%91-%EB%B0%8F-%EC%9D%B4%EC%9A%A9-%EB%8F%99%EC%9D%98","blogs/%EA%B0%9C%EC%9D%B8%EC%A0%95%EB%B3%B4-%EC%88%98%EC%A7%91-%EB%B0%8F-%EC%9D%B4%EC%9A%A9-%EB%8F%99%EC%9D%98","2026-04-17T16:19:56+09:00",,
"https://kr.sidiz.com/blogs/%EB%A7%88%EC%BC%80%ED%8C%85-%EC%88%98%EC%8B%A0-%EB%8F%99%EC%9D%98","blogs/%EB%A7%88%EC%BC%80%ED%8C%85-%EC%88%98%EC%8B%A0-%EB%8F%99%EC%9D%98","2026-04-17T16:19:38+09:00",,
"https://kr.sidiz.com/blogs/s-culture-test","blogs/s-culture-test","2026-04-20T11:22:19+09:00",,
"https://kr.sidiz.com/blogs/%ED%92%88%EC%A7%88%EB%B3%B4%EC%A6%9D%EC%A0%95%EC%B1%85","blogs/%ED%92%88%EC%A7%88%EB%B3%B4%EC%A6%9D%EC%A0%95%EC%B1%85","2025-04-28T10:21:06+09:00",,
"https://kr.sidiz.com/blogs/%ED%92%88%EC%A7%88%EB%B3%B4%EC%A6%9D%EC%A0%95%EC%B1%85-1","blogs/%ED%92%88%EC%A7%88%EB%B3%B4%EC%A6%9D%EC%A0%95%EC%B1%85-1","2025-04-28T10:19:45+09:00",,
"https://kr.sidiz.com/blogs/service-faq-new","blogs/service-faq-new","2026-08-21T11:57:27+09:00",,
"https://kr.sidiz.com/blogs/contents","blogs/contents","2026-07-04T13:26:09+09:00",,
"https://kr.sidiz.com/blogs/test","blogs/test","2026-04-27T14:29:15+09:00",,
"https://kr.sidiz.com/blogs/storage","blogs/storage","2026-07-15T17:08:57+09:00",,
"https://kr.sidiz.com/blogs/news/%EC%8B%9C%EB%94%94%EC%A6%88-%EC%98%A8%EB%9D%BC%EC%9D%B8-%EA%B3%B5%EC%8B%9D-%ED%8C%90%EB%A7%A4%EC%B2%98-%EC%95%88%EB%82%B4","blogs/news/%EC%8B%9C%EB%94%94%EC%A6%88-%EC%98%A8%EB%9D%BC%EC%9D%B8-%EA%B3%B5%EC%8B%9D-%ED%8C%90%EB%A7%A4%EC%B2%98-%EC%95%88%EB%82%B4","2026-04-17T16:19:13+09:00",,
"https://kr.sidiz.com/blogs/product-faq/operation_1","blogs/product-faq/operation_1","2026-08-19T16:00:51+09:00",,
"https://kr.sidiz.com/blogs/product-faq/disassembly_1","blogs/product-faq/disassembly_1","2026-08-19T16:43:49+09:00",,
"https://kr.sidiz.com/blogs/product-faq/operation_2","blogs/product-faq/operation_2","2026-08-19T15:59:27+09:00",,
"https://kr.sidiz.com/blogs/product-faq/care_1","blogs/product-faq/care_1","2026-08-20T09:46:02+09:00",,
"https://kr.sidiz.com/blogs/product-faq/care_2","blogs/product-faq/care_2","2026-08-19T16:36:01+09:00",,
"https://kr.sidiz.com/blogs/product-faq/misalignment_1","blogs/product-faq/misalignment_1","2026-08-19T16:13:00+09:00",,
"https://kr.sidiz.com/blogs/product-faq/misalignment_2","blogs/product-faq/misalignment_2","2026-08-19T16:13:47+09:00",,
"https://kr.sidiz.com/blogs/product-faq/care_3","blogs/product-faq/care_3","2026-08-19T16:36:25+09:00",,
"https://kr.sidiz.com/blogs/product-faq/misalignment_3","blogs/product-faq/misalignment_3","2026-08-19T16:14:49+09:00",,
"https://kr.sidiz.com/blogs/product-faq/misalignment_4","blogs/product-faq/misalignment_4","2026-08-19T16:07:54+09:00",,
"https://kr.sidiz.com/blogs/product-faq/care_4","blogs/product-faq/care_4","2026-08-20T09:44:22+09:00",,
"https://kr.sidiz.com/blogs/product-faq/damage_1","blogs/product-faq/damage_1","2026-08-19T16:09:01+09:00",,
"https://kr.sidiz.com/blogs/product-faq/care_5","blogs/product-faq/care_5","2026-08-19T16:42:19+09:00",,
"https://kr.sidiz.com/blogs/product-faq/damage_2","blogs/product-faq/damage_2","2026-08-20T09:39:37+09:00",,
"https://kr.sidiz.com/blogs/product-faq/damage_3","blogs/product-faq/damage_3","2026-08-20T09:40:09+09:00",,
"https://kr.sidiz.com/blogs/product-faq/damage_4","blogs/product-faq/damage_4","2026-08-20T09:40:27+09:00",,
"https://kr.sidiz.com/blogs/product-faq/damage_5","blogs/product-faq/damage_5","2026-08-20T09:39:55+09:00",,
"https://kr.sidiz.com/blogs/product-faq/care_6","blogs/product-faq/care_6","2026-08-19T16:41:42+09:00",,
"https://kr.sidiz.com/blogs/product-faq/noise_1","blogs/product-faq/noise_1","2026-08-19T16:26:05+09:00",,
"https://kr.sidiz.com/blogs/product-faq/care_7","blogs/product-faq/care_7","2026-08-19T16:46:19+09:00",,
"https://kr.sidiz.com/blogs/product-faq/operation_3","blogs/product-faq/operation_3","2026-08-19T16:11:20+09:00",,
"https://kr.sidiz.com/blogs/product-faq/etc_6","blogs/product-faq/etc_6","2026-08-19T16:39:05+09:00",,
"https://kr.sidiz.com/blogs/product-faq/etc_7","blogs/product-faq/etc_7","2026-08-24T18:09:29+09:00",,
"https://kr.sidiz.com/blogs/product-faq/etc_8","blogs/product-faq/etc_8","2026-08-19T16:40:05+09:00",,
"https://kr.sidiz.com/blogs/product-faq/etc_9","blogs/product-faq/etc_9","2026-08-19T16:40:41+09:00",,
"https://kr.sidiz.com/blogs/product-faq/etc_10","blogs/product-faq/etc_10","2026-08-25T10:55:31+09:00",,
"https://kr.sidiz.com/blogs/product-faq/operation_4","blogs/product-faq/operation_4","2026-08-19T16:02:33+09:00",,
"https://kr.sidiz.com/blogs/product-faq/disassembly_2","blogs/product-faq/disassembly_2","2026-08-19T16:44:43+09:00",,
"https://kr.sidiz.com/blogs/product-faq/care_8","blogs/product-faq/care_8","2026-08-19T16:36:53+09:00",,
"https://kr.sidiz.com/blogs/product-faq/etc_11","blogs/product-faq/etc_11","2026-08-19T16:37:14+09:00",,
"https://kr.sidiz.com/blogs/product-faq/noise_2","blogs/product-faq/noise_2","2026-08-19T16:15:20+09:00",,
"https://kr.sidiz.com/blogs/product-faq/operation_5","blogs/product-faq/operation_5","2026-08-19T16:03:54+09:00",,
"https://kr.sidiz.com/blogs/product-faq/operation_6","blogs/product-faq/operation_6","2026-08-19T16:04:37+09:00",,
"https://kr.sidiz.com/blogs/product-faq/operation_7","blogs/product-faq/operation_7","2026-08-19T16:05:21+09:00",,
"https://kr.sidiz.com/blogs/product-faq/etc_12","blogs/product-faq/etc_12","2026-08-19T16:45:19+09:00",,
"https://kr.sidiz.com/blogs/product-faq/operation_8","blogs/product-faq/operation_8","2026-08-19T16:06:04+09:00",,
"https://kr.sidiz.com/blogs/product-faq/operation_9","blogs/product-faq/operation_9","2026-08-19T16:06:51+09:00",,
"https://kr.sidiz.com/blogs/product-faq/operation_10","blogs/product-faq/operation_10","2026-08-19T16:07:22+09:00",,
"https://kr.sidiz.com/blogs/product-faq/damage_6","blogs/product-faq/damage_6","2026-08-20T09:38:32+09:00",,
"https://kr.sidiz.com/blogs/product-faq/damage_7","blogs/product-faq/damage_7","2026-08-20T09:38:53+09:00",,
"https://kr.sidiz.com/blogs/product-faq/damage_8","blogs/product-faq/damage_8","2026-08-20T09:39:08+09:00",,
"https://kr.sidiz.com/blogs/product-faq/damage_9","blogs/product-faq/damage_9","2026-08-20T09:39:22+09:00",,
"https://kr.sidiz.com/blogs/product-faq/misalignment_5","blogs/product-faq/misalignment_5","2026-08-19T16:15:45+09:00",,
"https://kr.sidiz.com/blogs/product-faq/care_9","blogs/product-faq/care_9","2026-08-19T16:37:52+09:00",,
"https://kr.sidiz.com/blogs/product-faq/damage_10","blogs/product-faq/damage_10","2026-08-20T09:42:53+09:00",,
"https://kr.sidiz.com/blogs/product-faq/damage_11","blogs/product-faq/damage_11","2026-08-20T09:41:48+09:00",,
"https://kr.sidiz.com/blogs/product-faq/damage_12","blogs/product-faq/damage_12","2026-08-20T09:42:04+09:00",,
"https://kr.sidiz.com/blogs/product-faq/damage_13","blogs/product-faq/damage_13","2026-08-20T09:42:22+09:00",,
"https://kr.sidiz.com/blogs/product-faq/damage_14","blogs/product-faq/damage_14","2026-08-20T09:42:39+09:00",,
"https://kr.sidiz.com/blogs/product-faq/etc_13","blogs/product-faq/etc_13","2026-08-19T16:52:43+09:00",,
"https://kr.sidiz.com/blogs/product-faq/care_10","blogs/product-faq/care_10","2026-08-19T16:56:21+09:00",,
"https://kr.sidiz.com/blogs/product-faq/noise_3","blogs/product-faq/noise_3","2026-08-19T16:26:42+09:00",,
"https://kr.sidiz.com/blogs/product-faq/disassembly_3","blogs/product-faq/disassembly_3","2026-08-19T16:49:02+09:00",,
"https://kr.sidiz.com/blogs/product-faq/care_11","blogs/product-faq/care_11","2026-08-19T16:51:08+09:00",,
"https://kr.sidiz.com/blogs/product-faq/damage_15","blogs/product-faq/damage_15","2026-08-25T10:11:41+09:00",,
"https://kr.sidiz.com/blogs/product-faq/care_12","blogs/product-faq/care_12","2026-08-19T16:45:47+09:00",,
"https://kr.sidiz.com/blogs/product-faq/care_13","blogs/product-faq/care_13","2026-08-19T16:09:32+09:00",,
"https://kr.sidiz.com/blogs/product-faq/etc_5","blogs/product-faq/etc_5","2026-08-21T12:01:54+09:00",,
"https://kr.sidiz.com/blogs/product-faq/etc_2","blogs/product-faq/etc_2","2026-08-19T16:51:33+09:00",,
"https://kr.sidiz.com/blogs/product-faq/disassembly_4","blogs/product-faq/disassembly_4","2026-08-19T16:50:08+09:00",,
"https://kr.sidiz.com/blogs/product-faq/etc_1","blogs/product-faq/etc_1","2026-08-19T16:47:52+09:00",,
"https://kr.sidiz.com/blogs/product-faq/disassembly_5","blogs/product-faq/disassembly_5","2026-08-19T16:49:32+09:00",,
"https://kr.sidiz.com/blogs/product-faq/etc_3","blogs/product-faq/etc_3","2026-08-19T16:51:54+09:00",,
"https://kr.sidiz.com/blogs/product-faq/etc_4","blogs/product-faq/etc_4","2026-08-19T16:52:18+09:00",,
"https://kr.sidiz.com/blogs/service-faq-new/%EC%A3%BC%EB%AC%B8%ED%95%9C-%EC%A0%9C%ED%92%88%EC%9D%84-%EB%B3%80%EA%B2%BD%ED%95%98%EA%B3%A0-%EC%8B%B6%EC%96%B4%EC%9A%94","blogs/service-faq-new/%EC%A3%BC%EB%AC%B8%ED%95%9C-%EC%A0%9C%ED%92%88%EC%9D%84-%EB%B3%80%EA%B2%BD%ED%95%98%EA%B3%A0-%EC%8B%B6%EC%96%B4%EC%9A%94","2026-04-17T16:19:21+09:00",,
"https://kr.sidiz.com/blogs/service-faq-new/%ED%98%84%EA%B8%88%EC%98%81%EC%88%98%EC%A6%9D-%EC%84%B8%EA%B8%88%EA%B3%84%EC%82%B0%EC%84%9C-%EA%B1%B0%EB%9E%98%EB%AA%85%EC%84%B8%EC%84%9C-%EB%93%B1-%EC%A6%9D%EB%B9%99-%EC%84%9C%EB%A5%98%EB%8A%94-%EC%96%B4%EB%96%BB%EA%B2%8C-%EB%B0%9B%EB%82%98%EC%9A%94","blogs/service-faq-new/%ED%98%84%EA%B8%88%EC%98%81%EC%88%98%EC%A6%9D-%EC%84%B8%EA%B8%88%EA%B3%84%EC%82%B0%EC%84%9C-%EA%B1%B0%EB%9E%98%EB%AA%85%EC%84%B8%EC%84%9C-%EB%93%B1-%EC%A6%9D%EB%B9%99-%EC%84%9C%EB%A5%98%EB%8A%94-%EC%96%B4%EB%96%BB%EA%B2%8C-%EB%B0%9B%EB%82%98%EC%9A%94","2026-04-17T16:19:21+09:00",,
"https://kr.sidiz.com/blogs/service-faq-new/%EA%B1%B0%EB%9E%98%EB%AA%85%EC%84%B8%EC%84%9C%EB%8A%94-%EC%96%B4%EB%96%BB%EA%B2%8C-%EB%B0%9B%EB%82%98%EC%9A%94","blogs/service-faq-new/%EA%B1%B0%EB%9E%98%EB%AA%85%EC%84%B8%EC%84%9C%EB%8A%94-%EC%96%B4%EB%96%BB%EA%B2%8C-%EB%B0%9B%EB%82%98%EC%9A%94","2026-04-17T16:19:26+09:00",,
"https://kr.sidiz.com/blogs/service-faq-new/%EB%B0%B0%EC%86%A1-%ED%98%84%ED%99%A9%EC%9D%84-%EC%A1%B0%ED%9A%8C%ED%95%98%EA%B3%A0-%EC%8B%B6%EC%96%B4%EC%9A%94","blogs/service-faq-new/%EB%B0%B0%EC%86%A1-%ED%98%84%ED%99%A9%EC%9D%84-%EC%A1%B0%ED%9A%8C%ED%95%98%EA%B3%A0-%EC%8B%B6%EC%96%B4%EC%9A%94","2026-04-17T16:19:21+09:00",,
"https://kr.sidiz.com/blogs/service-faq-new/%EB%B0%B0%EC%86%A1%EB%B9%84%EB%8A%94-%EC%96%B4%EB%96%BB%EA%B2%8C-%EB%90%98%EB%82%98%EC%9A%94","blogs/service-faq-new/%EB%B0%B0%EC%86%A1%EB%B9%84%EB%8A%94-%EC%96%B4%EB%96%BB%EA%B2%8C-%EB%90%98%EB%82%98%EC%9A%94","2026-04-17T16:19:21+09:00",,
"https://kr.sidiz.com/blogs/service-faq-new/%EB%B0%B0%EC%86%A1%EC%9D%BC-%EC%A7%80%EC%A0%95%EC%9D%B4%EB%82%98-%EB%B0%B0%EC%86%A1%EC%9D%BC-%EB%B3%80%EA%B2%BD%EC%9D%B4-%EA%B0%80%EB%8A%A5%ED%95%9C%EA%B0%80%EC%9A%94","blogs/service-faq-new/%EB%B0%B0%EC%86%A1%EC%9D%BC-%EC%A7%80%EC%A0%95%EC%9D%B4%EB%82%98-%EB%B0%B0%EC%86%A1%EC%9D%BC-%EB%B3%80%EA%B2%BD%EC%9D%B4-%EA%B0%80%EB%8A%A5%ED%95%9C%EA%B0%80%EC%9A%94","2026-04-17T16:19:22+09:00",,
"https://kr.sidiz.com/blogs/service-faq-new/%EB%B0%B0%EC%86%A1-%EC%A0%95%EB%B3%B4%EA%B0%80-%EA%B6%81%EA%B8%88%ED%95%B4%EC%9A%94","blogs/service-faq-new/%EB%B0%B0%EC%86%A1-%EC%A0%95%EB%B3%B4%EA%B0%80-%EA%B6%81%EA%B8%88%ED%95%B4%EC%9A%94","2026-04-17T16:19:22+09:00",,
"https://kr.sidiz.com/blogs/service-faq-new/%EA%B5%90%ED%99%98-%EB%B0%8F-%EB%B0%98%ED%92%88-%EA%B8%B0%EC%A4%80%EC%9D%B4-%EC%96%B4%EB%96%BB%EA%B2%8C-%EB%90%98%EB%82%98%EC%9A%94","blogs/service-faq-new/%EA%B5%90%ED%99%98-%EB%B0%8F-%EB%B0%98%ED%92%88-%EA%B8%B0%EC%A4%80%EC%9D%B4-%EC%96%B4%EB%96%BB%EA%B2%8C-%EB%90%98%EB%82%98%EC%9A%94","2026-04-17T16:19:22+09:00",,
"https://kr.sidiz.com/blogs/service-faq-new/%EB%B0%98%ED%92%88%EB%B9%84-%EB%B0%9C%EC%83%9D-%EA%B8%B0%EC%A4%80%EC%9D%80-%EB%AC%B4%EC%97%87%EC%9D%B4%EB%A9%B0-%EC%96%BC%EB%A7%88%EC%9D%B8%EA%B0%80%EC%9A%94","blogs/service-faq-new/%EB%B0%98%ED%92%88%EB%B9%84-%EB%B0%9C%EC%83%9D-%EA%B8%B0%EC%A4%80%EC%9D%80-%EB%AC%B4%EC%97%87%EC%9D%B4%EB%A9%B0-%EC%96%BC%EB%A7%88%EC%9D%B8%EA%B0%80%EC%9A%94","2026-04-17T16:19:23+09:00",,
"https://kr.sidiz.com/blogs/service-faq-new/%EC%A3%BC%EB%AC%B8%ED%95%9C-%EC%A0%9C%ED%92%88%EC%9D%98-%EC%83%89%EC%83%81%EC%9D%B4-%EC%82%AC%EC%A7%84%EA%B3%BC-%EB%8B%AC%EB%9D%BC%EC%9A%94","blogs/service-faq-new/%EC%A3%BC%EB%AC%B8%ED%95%9C-%EC%A0%9C%ED%92%88%EC%9D%98-%EC%83%89%EC%83%81%EC%9D%B4-%EC%82%AC%EC%A7%84%EA%B3%BC-%EB%8B%AC%EB%9D%BC%EC%9A%94","2026-04-17T16:19:22+09:00",,
"https://kr.sidiz.com/blogs/service-faq-new/%EC%A0%9C%ED%92%88%EC%9D%84-%EB%B0%B0%EC%86%A1%EB%B0%9B%EC%95%98%EB%8A%94%EB%8D%B0-%EC%9D%BC%EB%B6%80-%EA%B8%B0%EB%8A%A5%EC%9D%B4-%EB%B6%88%EB%9F%89%EC%9D%B8-%EA%B2%83-%EA%B0%99%EC%8A%B5%EB%8B%88%EB%8B%A4-%EA%B5%90%ED%99%98%EC%9D%80-%EC%96%B4%EB%96%BB%EA%B2%8C-%ED%95%98%EB%82%98%EC%9A%94","blogs/service-faq-new/%EC%A0%9C%ED%92%88%EC%9D%84-%EB%B0%B0%EC%86%A1%EB%B0%9B%EC%95%98%EB%8A%94%EB%8D%B0-%EC%9D%BC%EB%B6%80-%EA%B8%B0%EB%8A%A5%EC%9D%B4-%EB%B6%88%EB%9F%89%EC%9D%B8-%EA%B2%83-%EA%B0%99%EC%8A%B5%EB%8B%88%EB%8B%A4-%EA%B5%90%ED%99%98%EC%9D%80-%EC%96%B4%EB%96%BB%EA%B2%8C-%ED%95%98%EB%82%98%EC%9A%94","2026-04-17T16:19:22+09:00",,
"https://kr.sidiz.com/blogs/service-faq-new/%EC%A3%BC%EB%AC%B8%ED%95%9C-%EC%A0%9C%ED%92%88%EA%B3%BC-%EB%8B%A4%EB%A5%B8-%EC%A0%9C%ED%92%88%EC%9D%B4-%EC%99%94%EC%8A%B5%EB%8B%88%EB%8B%A4","blogs/service-faq-new/%EC%A3%BC%EB%AC%B8%ED%95%9C-%EC%A0%9C%ED%92%88%EA%B3%BC-%EB%8B%A4%EB%A5%B8-%EC%A0%9C%ED%92%88%EC%9D%B4-%EC%99%94%EC%8A%B5%EB%8B%88%EB%8B%A4","2026-04-17T16:19:22+09:00",,
"https://kr.sidiz.com/blogs/service-faq-new/%EC%A3%BC%EB%AC%B8%EC%9D%84-%EC%B7%A8%EC%86%8C%ED%95%98%EA%B3%A0-%EC%8B%B6%EC%96%B4%EC%9A%94","blogs/service-faq-new/%EC%A3%BC%EB%AC%B8%EC%9D%84-%EC%B7%A8%EC%86%8C%ED%95%98%EA%B3%A0-%EC%8B%B6%EC%96%B4%EC%9A%94","2026-04-17T16:19:22+09:00",,
"https://kr.sidiz.com/blogs/service-faq-new/%EC%95%84%EC%9D%B4%EB%94%94%EC%99%80-%EB%B9%84%EB%B0%80%EB%B2%88%ED%98%B8%EB%A5%BC-%EB%B3%80%EA%B2%BD%ED%95%98%EA%B3%A0-%EC%8B%B6%EC%8A%B5%EB%8B%88%EB%8B%A4","blogs/service-faq-new/%EC%95%84%EC%9D%B4%EB%94%94%EC%99%80-%EB%B9%84%EB%B0%80%EB%B2%88%ED%98%B8%EB%A5%BC-%EB%B3%80%EA%B2%BD%ED%95%98%EA%B3%A0-%EC%8B%B6%EC%8A%B5%EB%8B%88%EB%8B%A4","2026-04-17T16:19:22+09:00",,
"https://kr.sidiz.com/blogs/service-faq-new/%EA%B0%9C%EC%9D%B8%EC%A0%95%EB%B3%B4-%EC%88%98%EC%A0%95%EC%9D%80-%EC%96%B4%EB%96%BB%EA%B2%8C-%ED%95%98%EB%82%98%EC%9A%94-%EC%A3%BC%EC%86%8C-%ED%9C%B4%EB%8C%80%ED%8F%B0-%EB%B2%88%ED%98%B8-%EB%93%B1","blogs/service-faq-new/%EA%B0%9C%EC%9D%B8%EC%A0%95%EB%B3%B4-%EC%88%98%EC%A0%95%EC%9D%80-%EC%96%B4%EB%96%BB%EA%B2%8C-%ED%95%98%EB%82%98%EC%9A%94-%EC%A3%BC%EC%86%8C-%ED%9C%B4%EB%8C%80%ED%8F%B0-%EB%B2%88%ED%98%B8-%EB%93%B1","2026-04-17T16:19:23+09:00",,
"https://kr.sidiz.com/blogs/service-faq-new/%ED%9A%8C%EC%9B%90-%ED%83%88%ED%87%B4%EB%8A%94-%EC%96%B4%EB%96%BB%EA%B2%8C-%ED%95%98%EB%82%98%EC%9A%94","blogs/service-faq-new/%ED%9A%8C%EC%9B%90-%ED%83%88%ED%87%B4%EB%8A%94-%EC%96%B4%EB%96%BB%EA%B2%8C-%ED%95%98%EB%82%98%EC%9A%94","2026-04-17T16:19:23+09:00",,
"https://kr.sidiz.com/blogs/service-faq-new/%ED%92%88%EC%A7%88-%EB%B3%B4%EC%A6%9D-%EC%A0%95%EC%B1%85%EC%9D%80-%EB%AC%B4%EC%97%87%EC%9D%B8%EA%B0%80%EC%9A%94","blogs/service-faq-new/%ED%92%88%EC%A7%88-%EB%B3%B4%EC%A6%9D-%EC%A0%95%EC%B1%85%EC%9D%80-%EB%AC%B4%EC%97%87%EC%9D%B8%EA%B0%80%EC%9A%94","2026-04-17T16:19:23+09:00",,
"https://kr.sidiz.com/blogs/service-faq-new/%ED%92%88%EC%A7%88-%EB%B3%B4%EC%A6%9D-%EA%B8%B0%EA%B0%84%EC%9D%80-%EC%96%BC%EB%A7%88%EB%82%98-%EB%90%98%EB%82%98%EC%9A%94","blogs/service-faq-new/%ED%92%88%EC%A7%88-%EB%B3%B4%EC%A6%9D-%EA%B8%B0%EA%B0%84%EC%9D%80-%EC%96%BC%EB%A7%88%EB%82%98-%EB%90%98%EB%82%98%EC%9A%94","2026-04-17T16:19:23+09:00",,
"https://kr.sidiz.com/blogs/service-faq-new/%ED%92%88%EC%A7%88-%EB%B3%B4%EC%A6%9D-%EC%84%9C%EB%B9%84%EC%8A%A4%EC%9D%98-%EC%A0%88%EC%B0%A8%EA%B0%80-%EA%B6%81%EA%B8%88%ED%95%A9%EB%8B%88%EB%8B%A4","blogs/service-faq-new/%ED%92%88%EC%A7%88-%EB%B3%B4%EC%A6%9D-%EC%84%9C%EB%B9%84%EC%8A%A4%EC%9D%98-%EC%A0%88%EC%B0%A8%EA%B0%80-%EA%B6%81%EA%B8%88%ED%95%A9%EB%8B%88%EB%8B%A4","2026-04-17T16:19:23+09:00",,
"https://kr.sidiz.com/blogs/service-faq-new/%EC%8B%9C%EB%A6%AC%EC%96%BC-%EB%B2%88%ED%98%B8%EA%B0%80-%EC%9E%98-%EB%B3%B4%EC%9D%B4%EC%A7%80-%EC%95%8A%EC%8A%B5%EB%8B%88%EB%8B%A4","blogs/service-faq-new/%EC%8B%9C%EB%A6%AC%EC%96%BC-%EB%B2%88%ED%98%B8%EA%B0%80-%EC%9E%98-%EB%B3%B4%EC%9D%B4%EC%A7%80-%EC%95%8A%EC%8A%B5%EB%8B%88%EB%8B%A4","2026-04-17T16:19:23+09:00",,
"https://kr.sidiz.com/blogs/service-faq-new/%ED%92%88%EC%A7%88-%EB%B3%B4%EC%A6%9D-%EA%B8%B0%EA%B0%84-%EB%82%B4%EC%97%90%EB%8A%94-%EB%AC%B4%EC%83%81%EC%9D%B8%EA%B0%80%EC%9A%94","blogs/service-faq-new/%ED%92%88%EC%A7%88-%EB%B3%B4%EC%A6%9D-%EA%B8%B0%EA%B0%84-%EB%82%B4%EC%97%90%EB%8A%94-%EB%AC%B4%EC%83%81%EC%9D%B8%EA%B0%80%EC%9A%94","2026-04-17T16:19:25+09:00",,
"https://kr.sidiz.com/blogs/service-faq-new/%ED%92%88%EC%A7%88-%EB%B3%B4%EC%A6%9D-%EA%B8%B0%EA%B0%84-%EC%9D%B4%ED%9B%84%EC%97%90%EB%8A%94-%EC%88%98%EB%A6%AC-%EC%84%9C%EB%B9%84%EC%8A%A4%EB%A5%BC-%EB%B0%9B%EC%9D%84-%EC%88%98-%EC%97%86%EB%82%98%EC%9A%94","blogs/service-faq-new/%ED%92%88%EC%A7%88-%EB%B3%B4%EC%A6%9D-%EA%B8%B0%EA%B0%84-%EC%9D%B4%ED%9B%84%EC%97%90%EB%8A%94-%EC%88%98%EB%A6%AC-%EC%84%9C%EB%B9%84%EC%8A%A4%EB%A5%BC-%EB%B0%9B%EC%9D%84-%EC%88%98-%EC%97%86%EB%82%98%EC%9A%94","2026-04-17T16:19:25+09:00",,
"https://kr.sidiz.com/blogs/service-faq-new/%EB%8B%A8%EC%A2%85%EB%90%9C-%EC%A0%9C%ED%92%88%EC%9D%98-%ED%92%88%EC%A7%88-%EB%B3%B4%EC%A6%9D%EC%9D%80-%EC%96%B4%EB%96%BB%EA%B2%8C-%EB%B0%9B%EB%82%98%EC%9A%94","blogs/service-faq-new/%EB%8B%A8%EC%A2%85%EB%90%9C-%EC%A0%9C%ED%92%88%EC%9D%98-%ED%92%88%EC%A7%88-%EB%B3%B4%EC%A6%9D%EC%9D%80-%EC%96%B4%EB%96%BB%EA%B2%8C-%EB%B0%9B%EB%82%98%EC%9A%94","2026-04-17T16:19:23+09:00",,
"https://kr.sidiz.com/blogs/service-faq-new/%ED%92%88%EC%A7%88-%ED%91%9C%EC%8B%9C-%EC%8A%A4%ED%8B%B0%EC%BB%A4%EB%A5%BC-%EC%9E%83%EC%96%B4%EB%B2%84%EB%A0%B8%EC%96%B4%EC%9A%94","blogs/service-faq-new/%ED%92%88%EC%A7%88-%ED%91%9C%EC%8B%9C-%EC%8A%A4%ED%8B%B0%EC%BB%A4%EB%A5%BC-%EC%9E%83%EC%96%B4%EB%B2%84%EB%A0%B8%EC%96%B4%EC%9A%94","2026-04-17T16:19:24+09:00",,
"https://kr.sidiz.com/blogs/service-faq-new/as-%EC%8B%A0%EC%B2%AD-%EB%B0%A9%EB%B2%95%EC%9D%B4-%EA%B6%81%EA%B8%88%ED%95%A9%EB%8B%88%EB%8B%A4","blogs/service-faq-new/as-%EC%8B%A0%EC%B2%AD-%EB%B0%A9%EB%B2%95%EC%9D%B4-%EA%B6%81%EA%B8%88%ED%95%A9%EB%8B%88%EB%8B%A4","2026-04-17T16:19:24+09:00",,
"https://kr.sidiz.com/blogs/service-faq-new/as%EB%8A%94-%EC%9C%A0%EC%83%81%EB%AC%B4%EC%83%81%EC%9D%B8%EA%B0%80%EC%9A%94","blogs/service-faq-new/as%EB%8A%94-%EC%9C%A0%EC%83%81%EB%AC%B4%EC%83%81%EC%9D%B8%EA%B0%80%EC%9A%94","2026-04-17T16:19:24+09:00",,
"https://kr.sidiz.com/blogs/service-faq-new/as%EB%A5%BC-%EC%A0%91%EC%88%98%ED%96%88%EB%8A%94%EB%8D%B0-%EC%96%B8%EC%A0%9C%EC%AF%A4-%EC%A7%84%ED%96%89%EB%90%98%EB%82%98%EC%9A%94","blogs/service-faq-new/as%EB%A5%BC-%EC%A0%91%EC%88%98%ED%96%88%EB%8A%94%EB%8D%B0-%EC%96%B8%EC%A0%9C%EC%AF%A4-%EC%A7%84%ED%96%89%EB%90%98%EB%82%98%EC%9A%94","2026-04-17T16:19:24+09:00",,
"https://kr.sidiz.com/blogs/service-faq-new/as-%EC%9D%BC%EC%A0%95%EC%9D%84-%EB%B0%94%EA%BF%80-%EC%88%98-%EC%9E%88%EB%82%98%EC%9A%94","blogs/service-faq-new/as-%EC%9D%BC%EC%A0%95%EC%9D%84-%EB%B0%94%EA%BF%80-%EC%88%98-%EC%9E%88%EB%82%98%EC%9A%94","2026-04-17T16:19:24+09:00",,
"https://kr.sidiz.com/blogs/service-faq-new/%EA%B0%80%EA%B9%8C%EC%9A%B4-%EC%8B%9C%EB%94%94%EC%A6%88-%EB%A7%A4%EC%9E%A5%EC%9D%84-%EC%95%8C%EA%B3%A0-%EC%8B%B6%EC%96%B4%EC%9A%94","blogs/service-faq-new/%EA%B0%80%EA%B9%8C%EC%9A%B4-%EC%8B%9C%EB%94%94%EC%A6%88-%EB%A7%A4%EC%9E%A5%EC%9D%84-%EC%95%8C%EA%B3%A0-%EC%8B%B6%EC%96%B4%EC%9A%94","2026-04-17T16:19:26+09:00",,
"https://kr.sidiz.com/blogs/service-faq-new/%EB%A7%A4%EC%9E%A5-%EA%B5%AC%EB%A7%A4-%EC%8B%9C-%ED%9A%8C%EC%9B%90%EA%B0%80%EC%9E%85%EC%9D%84-%EB%B0%98%EB%93%9C%EC%8B%9C-%ED%95%B4%EC%95%BC%ED%95%98%EB%82%98%EC%9A%94","blogs/service-faq-new/%EB%A7%A4%EC%9E%A5-%EA%B5%AC%EB%A7%A4-%EC%8B%9C-%ED%9A%8C%EC%9B%90%EA%B0%80%EC%9E%85%EC%9D%84-%EB%B0%98%EB%93%9C%EC%8B%9C-%ED%95%B4%EC%95%BC%ED%95%98%EB%82%98%EC%9A%94","2026-04-17T16:19:24+09:00",,
"https://kr.sidiz.com/blogs/service-faq-new/buisness_buy","blogs/service-faq-new/buisness_buy","2026-04-17T16:19:25+09:00",,
"https://kr.sidiz.com/blogs/service-faq-new/%EB%82%98%EB%9D%BC%EC%9E%A5%ED%84%B0-%EC%A1%B0%EB%8B%AC%EC%B2%AD%EC%97%90-%EC%8B%9C%EB%94%94%EC%A6%88%EB%8F%84-%EB%93%B1%EB%A1%9D%EB%90%98%EC%96%B4-%EC%9E%88%EB%82%98%EC%9A%94","blogs/service-faq-new/%EB%82%98%EB%9D%BC%EC%9E%A5%ED%84%B0-%EC%A1%B0%EB%8B%AC%EC%B2%AD%EC%97%90-%EC%8B%9C%EB%94%94%EC%A6%88%EB%8F%84-%EB%93%B1%EB%A1%9D%EB%90%98%EC%96%B4-%EC%9E%88%EB%82%98%EC%9A%94","2026-04-17T16:19:25+09:00",,
"https://kr.sidiz.com/blogs/service-faq-new/%ED%9A%8C%EC%9B%90%EA%B0%80%EC%9E%85-%EC%8B%9C-%ED%98%9C%ED%83%9D%EC%9D%B4-%EC%9E%88%EB%82%98%EC%9A%94","blogs/service-faq-new/%ED%9A%8C%EC%9B%90%EA%B0%80%EC%9E%85-%EC%8B%9C-%ED%98%9C%ED%83%9D%EC%9D%B4-%EC%9E%88%EB%82%98%EC%9A%94","2026-04-17T16:19:26+09:00",,
"https://kr.sidiz.com/blogs/service-faq-new/%EC%A0%9C%ED%92%88%EC%9D%98-%EB%A7%A4%EB%89%B4%EC%96%BC%EC%9D%80-%EC%96%B4%EB%94%94%EC%84%9C-%ED%99%95%EC%9D%B8%ED%95%A0-%EC%88%98-%EC%9E%88%EB%82%98%EC%9A%94","blogs/service-faq-new/%EC%A0%9C%ED%92%88%EC%9D%98-%EB%A7%A4%EB%89%B4%EC%96%BC%EC%9D%80-%EC%96%B4%EB%94%94%EC%84%9C-%ED%99%95%EC%9D%B8%ED%95%A0-%EC%88%98-%EC%9E%88%EB%82%98%EC%9A%94","2026-04-17T16:19:25+09:00",,
"https://kr.sidiz.com/blogs/service-faq-new/%EC%8B%A4%EC%88%98%EB%A1%9C-%EC%BF%A0%ED%8F%B0-%ED%95%A0%EC%9D%B8-%EC%BD%94%EB%93%9C%EB%A5%BC-%EC%A0%81%EC%9A%A9%ED%95%98%EC%A7%80-%EC%95%8A%EA%B3%A0-%EC%A0%9C%ED%92%88%EC%9D%84-%EA%B5%AC%EB%A7%A4%ED%96%88%EC%8A%B5%EB%8B%88%EB%8B%A4-%EC%B6%94%ED%9B%84-%EC%A0%81%EC%9A%A9-%EB%B0%98%EC%98%81%EC%9D%B4-%EA%B0%80%EB%8A%A5%ED%95%9C%EA%B0%80%EC%9A%94","blogs/service-faq-new/%EC%8B%A4%EC%88%98%EB%A1%9C-%EC%BF%A0%ED%8F%B0-%ED%95%A0%EC%9D%B8-%EC%BD%94%EB%93%9C%EB%A5%BC-%EC%A0%81%EC%9A%A9%ED%95%98%EC%A7%80-%EC%95%8A%EA%B3%A0-%EC%A0%9C%ED%92%88%EC%9D%84-%EA%B5%AC%EB%A7%A4%ED%96%88%EC%8A%B5%EB%8B%88%EB%8B%A4-%EC%B6%94%ED%9B%84-%EC%A0%81%EC%9A%A9-%EB%B0%98%EC%98%81%EC%9D%B4-%EA%B0%80%EB%8A%A5%ED%95%9C%EA%B0%80%EC%9A%94","2026-04-17T16:19:25+09:00",,
"https://kr.sidiz.com/blogs/service-faq-new/%EC%BF%A0%ED%8F%B0%EA%B3%BC-%ED%95%A0%EC%9D%B8-%EC%BD%94%EB%93%9C%EA%B0%80-%EC%82%AC%EC%9A%A9%EB%90%9C-%EC%A3%BC%EB%AC%B8%EC%9D%84-%EC%B7%A8%EC%86%8C-%EB%98%90%EB%8A%94-%EB%B0%98%ED%92%88-%EC%8B%9C-%EC%82%AC%EC%9A%A9%ED%95%9C-%EC%BF%A0%ED%8F%B0%EC%9D%84-%EB%8B%A4%EC%8B%9C-%EC%82%AC%EC%9A%A9%ED%95%A0-%EC%88%98-%EC%9E%88%EB%82%98%EC%9A%94","blogs/service-faq-new/%EC%BF%A0%ED%8F%B0%EA%B3%BC-%ED%95%A0%EC%9D%B8-%EC%BD%94%EB%93%9C%EA%B0%80-%EC%82%AC%EC%9A%A9%EB%90%9C-%EC%A3%BC%EB%AC%B8%EC%9D%84-%EC%B7%A8%EC%86%8C-%EB%98%90%EB%8A%94-%EB%B0%98%ED%92%88-%EC%8B%9C-%EC%82%AC%EC%9A%A9%ED%95%9C-%EC%BF%A0%ED%8F%B0%EC%9D%84-%EB%8B%A4%EC%8B%9C-%EC%82%AC%EC%9A%A9%ED%95%A0-%EC%88%98-%EC%9E%88%EB%82%98%EC%9A%94","2026-04-17T16:19:25+09:00",,
"https://kr.sidiz.com/blogs/service-faq-new/%EC%BF%A0%ED%8F%B0%EC%9D%98-%EC%9C%A0%ED%9A%A8%EA%B8%B0%EA%B0%84%EC%9D%B4-%EC%9E%88%EB%82%98%EC%9A%94","blogs/service-faq-new/%EC%BF%A0%ED%8F%B0%EC%9D%98-%EC%9C%A0%ED%9A%A8%EA%B8%B0%EA%B0%84%EC%9D%B4-%EC%9E%88%EB%82%98%EC%9A%94","2026-04-17T16:19:25+09:00",,
"https://kr.sidiz.com/blogs/service-faq-new/%EB%82%B4%EA%B0%80-%EA%B0%96%EA%B3%A0-%EC%9E%88%EB%8A%94-%EC%BF%A0%ED%8F%B0%EC%9D%80-%EC%96%B4%EB%94%94%EC%84%9C-%ED%99%95%EC%9D%B8-%EA%B0%80%EB%8A%A5%ED%95%9C%EA%B0%80%EC%9A%94","blogs/service-faq-new/%EB%82%B4%EA%B0%80-%EA%B0%96%EA%B3%A0-%EC%9E%88%EB%8A%94-%EC%BF%A0%ED%8F%B0%EC%9D%80-%EC%96%B4%EB%94%94%EC%84%9C-%ED%99%95%EC%9D%B8-%EA%B0%80%EB%8A%A5%ED%95%9C%EA%B0%80%EC%9A%94","2026-04-17T16:19:26+09:00",,
"https://kr.sidiz.com/blogs/service-faq-new/%EB%8B%A4%EB%A5%B8-%EA%B2%B0%EC%A0%9C%EC%88%98%EB%8B%A8%EC%9C%BC%EB%A1%9C-%EB%B0%94%EA%BE%B8%EA%B3%A0-%EC%8B%B6%EC%96%B4%EC%9A%94","blogs/service-faq-new/%EB%8B%A4%EB%A5%B8-%EA%B2%B0%EC%A0%9C%EC%88%98%EB%8B%A8%EC%9C%BC%EB%A1%9C-%EB%B0%94%EA%BE%B8%EA%B3%A0-%EC%8B%B6%EC%96%B4%EC%9A%94","2026-04-17T16:19:25+09:00",,
"https://kr.sidiz.com/blogs/service-faq-new/%EB%B2%95%EC%9D%B8%EC%B9%B4%EB%93%9C%EB%8A%94-%ED%95%A0%EB%B6%80%EA%B0%80-%EB%90%98%EC%A7%80-%EC%95%8A%EB%82%98%EC%9A%94","blogs/service-faq-new/%EB%B2%95%EC%9D%B8%EC%B9%B4%EB%93%9C%EB%8A%94-%ED%95%A0%EB%B6%80%EA%B0%80-%EB%90%98%EC%A7%80-%EC%95%8A%EB%82%98%EC%9A%94","2026-04-17T16:19:26+09:00",,
"https://kr.sidiz.com/blogs/service-faq-new/%EC%A3%BC%EB%AC%B8-%ED%9B%84-%EC%8B%A0%EC%9A%A9%EC%B9%B4%EB%93%9C-%ED%95%A0%EB%B6%80-%EA%B0%9C%EC%9B%94-%EC%88%98-%EB%B3%80%EA%B2%BD%EC%9D%B4-%EA%B0%80%EB%8A%A5%ED%95%9C%EA%B0%80%EC%9A%94","blogs/service-faq-new/%EC%A3%BC%EB%AC%B8-%ED%9B%84-%EC%8B%A0%EC%9A%A9%EC%B9%B4%EB%93%9C-%ED%95%A0%EB%B6%80-%EA%B0%9C%EC%9B%94-%EC%88%98-%EB%B3%80%EA%B2%BD%EC%9D%B4-%EA%B0%80%EB%8A%A5%ED%95%9C%EA%B0%80%EC%9A%94","2026-04-17T16:19:26+09:00",,
"https://kr.sidiz.com/blogs/service-faq-new/%EC%8B%A0%EC%9A%A9%EC%B9%B4%EB%93%9C-%EC%98%81%EC%88%98%EC%A6%9D%EA%B1%B0%EB%9E%98%EC%A6%9D%EB%B9%99%EC%84%9C%EB%A5%98%EC%9D%80-%EC%96%B4%EB%94%94%EC%97%90%EC%84%9C-%ED%99%95%EC%9D%B8%ED%95%A0-%EC%88%98-%EC%9E%88%EB%82%98%EC%9A%94","blogs/service-faq-new/%EC%8B%A0%EC%9A%A9%EC%B9%B4%EB%93%9C-%EC%98%81%EC%88%98%EC%A6%9D%EA%B1%B0%EB%9E%98%EC%A6%9D%EB%B9%99%EC%84%9C%EB%A5%98%EC%9D%80-%EC%96%B4%EB%94%94%EC%97%90%EC%84%9C-%ED%99%95%EC%9D%B8%ED%95%A0-%EC%88%98-%EC%9E%88%EB%82%98%EC%9A%94","2026-04-17T16:19:26+09:00",,
"https://kr.sidiz.com/blogs/service-faq-new/%EB%B0%B0%EC%86%A1%EA%B0%80%EB%8A%A5%ED%95%9C-%EC%A7%80%EC%97%AD%EC%9D%80-%EC%96%B4%EB%96%BB%EA%B2%8C-%EB%90%98%EB%82%98%EC%9A%94","blogs/service-faq-new/%EB%B0%B0%EC%86%A1%EA%B0%80%EB%8A%A5%ED%95%9C-%EC%A7%80%EC%97%AD%EC%9D%80-%EC%96%B4%EB%96%BB%EA%B2%8C-%EB%90%98%EB%82%98%EC%9A%94","2026-04-17T16:19:26+09:00",,
"https://kr.sidiz.com/blogs/service-faq-new/%ED%95%B4%EC%99%B8%EC%97%90%EC%84%9C%EB%8F%84-%EC%A0%9C%ED%92%88%EC%9D%84-%EB%B0%B0%EC%86%A1-%EB%B0%9B%EC%9D%84-%EC%88%98-%EC%9E%88%EB%82%98%EC%9A%94","blogs/service-faq-new/%ED%95%B4%EC%99%B8%EC%97%90%EC%84%9C%EB%8F%84-%EC%A0%9C%ED%92%88%EC%9D%84-%EB%B0%B0%EC%86%A1-%EB%B0%9B%EC%9D%84-%EC%88%98-%EC%9E%88%EB%82%98%EC%9A%94","2026-04-17T16:19:26+09:00",,
"https://kr.sidiz.com/blogs/service-faq-new/%EC%A3%BC%EB%AC%B8%EC%9D%84-%EC%B7%A8%EC%86%8C%ED%96%88%EB%8A%94%EB%8D%B0%EB%8F%84-%EC%8B%A0%EC%9A%A9%EC%B9%B4%EB%93%9C-%EA%B2%B0%EC%A0%9C-%EC%B7%A8%EC%86%8C%EA%B0%80-%EC%95%88%EB%90%90%EC%8A%B5%EB%8B%88%EB%8B%A4-%EC%96%B4%EB%96%BB%EA%B2%8C-%ED%95%B4%EC%95%BC-%ED%95%98%EB%82%98%EC%9A%94","blogs/service-faq-new/%EC%A3%BC%EB%AC%B8%EC%9D%84-%EC%B7%A8%EC%86%8C%ED%96%88%EB%8A%94%EB%8D%B0%EB%8F%84-%EC%8B%A0%EC%9A%A9%EC%B9%B4%EB%93%9C-%EA%B2%B0%EC%A0%9C-%EC%B7%A8%EC%86%8C%EA%B0%80-%EC%95%88%EB%90%90%EC%8A%B5%EB%8B%88%EB%8B%A4-%EC%96%B4%EB%96%BB%EA%B2%8C-%ED%95%B4%EC%95%BC-%ED%95%98%EB%82%98%EC%9A%94","2026-04-17T16:19:26+09:00",,
"https://kr.sidiz.com/blogs/service-faq-new/%EB%B0%A9%EB%AC%B8%ED%95%98%EB%8A%94-%EA%B8%B0%EC%82%AC%EB%8B%98%EC%9D%98-%EC%97%B0%EB%9D%BD%EC%B2%98%EB%A5%BC-%EC%95%8C%EA%B3%A0-%EC%8B%B6%EC%96%B4%EC%9A%94","blogs/service-faq-new/%EB%B0%A9%EB%AC%B8%ED%95%98%EB%8A%94-%EA%B8%B0%EC%82%AC%EB%8B%98%EC%9D%98-%EC%97%B0%EB%9D%BD%EC%B2%98%EB%A5%BC-%EC%95%8C%EA%B3%A0-%EC%8B%B6%EC%96%B4%EC%9A%94","2026-04-17T16:19:26+09:00",,
"https://kr.sidiz.com/blogs/service-faq-new/%EC%BF%A0%ED%8F%B0%EC%9D%80-%EC%96%B4%EB%96%BB%EA%B2%8C-%EC%82%AC%EC%9A%A9%ED%95%98%EB%82%98%EC%9A%94","blogs/service-faq-new/%EC%BF%A0%ED%8F%B0%EC%9D%80-%EC%96%B4%EB%96%BB%EA%B2%8C-%EC%82%AC%EC%9A%A9%ED%95%98%EB%82%98%EC%9A%94","2026-04-17T16:19:27+09:00",,
"https://kr.sidiz.com/blogs/service-faq-new/%EB%A6%AC%ED%8D%BC%EB%9F%B4-%EC%A0%9C%EB%8F%84%EB%8A%94-%EB%AC%B4%EC%97%87%EC%9D%B8%EA%B0%80%EC%9A%94","blogs/service-faq-new/%EB%A6%AC%ED%8D%BC%EB%9F%B4-%EC%A0%9C%EB%8F%84%EB%8A%94-%EB%AC%B4%EC%97%87%EC%9D%B8%EA%B0%80%EC%9A%94","2026-04-17T16:19:26+09:00",,
"https://kr.sidiz.com/blogs/s-culture/%EC%89%BD%EA%B2%8C-%EC%A6%90%EA%B8%B0%EB%8A%94-%ED%95%B8%EB%93%9C%EB%93%9C%EB%A6%BD-%EB%B0%A9%EB%B2%95%EA%B3%BC-%EB%82%B4-%EC%B7%A8%ED%96%A5-%EC%BB%A4%ED%94%BC%EC%B0%BE%EA%B8%B0","blogs/s-culture/%EC%89%BD%EA%B2%8C-%EC%A6%90%EA%B8%B0%EB%8A%94-%ED%95%B8%EB%93%9C%EB%93%9C%EB%A6%BD-%EB%B0%A9%EB%B2%95%EA%B3%BC-%EB%82%B4-%EC%B7%A8%ED%96%A5-%EC%BB%A4%ED%94%BC%EC%B0%BE%EA%B8%B0","2026-04-20T11:22:54+09:00","쉽게 즐기는 핸드드립 방법과 내 취향 커피찾기","https://cdn.shopify.com/s/files/1/0865/4408/9378/articles/1_520x500_1706cf5f-c818-4080-adff-8d90def3af87-1776651771.jpg?v=1776651774"
"https://kr.sidiz.com/blogs/ir%EC%9E%90%EB%A3%8C/%EC%A3%BC%EC%8B%9D%EB%B6%84%ED%95%A0%EB%A1%9C-%EC%9D%B8%ED%95%9C-%EC%A3%BC%EA%B6%8C%EC%A0%9C%EC%B6%9C%EA%B3%B5%EA%B3%A0","blogs/ir%EC%9E%90%EB%A3%8C/%EC%A3%BC%EC%8B%9D%EB%B6%84%ED%95%A0%EB%A1%9C-%EC%9D%B8%ED%95%9C-%EC%A3%BC%EA%B6%8C%EC%A0%9C%EC%B6%9C%EA%B3%B5%EA%B3%A0","2026-04-20T11:22:51+09:00","주식분할로 인한 주권제출공고","https://cdn.shopify.com/s/files/1/0865/4408/9378/articles/2392a158cb496e766cf42c251d19010b-1776651768.jpg?v=1776651771"
"https://kr.sidiz.com/blogs/ir%EC%9E%90%EB%A3%8C/%EC%A0%9C2%EA%B8%B0-%EA%B2%B0%EC%82%B0%EA%B3%B5%EA%B3%A0","blogs/ir%EC%9E%90%EB%A3%8C/%EC%A0%9C2%EA%B8%B0-%EA%B2%B0%EC%82%B0%EA%B3%B5%EA%B3%A0","2026-04-20T11:22:58+09:00","제2기 결산공고","https://cdn.shopify.com/s/files/1/0865/4408/9378/articles/2-1776651774.jpg?v=1776651778"
"https://kr.sidiz.com/blogs/ir%EC%9E%90%EB%A3%8C/%EC%A3%BC%EC%8B%9D%EB%AA%85%EC%9D%98%EA%B0%9C%EC%84%9C-%EC%A0%95%EC%A7%80-%EB%B0%8F-%EA%B8%B0%EC%A4%80%EC%9D%BC-%EA%B3%B5%EA%B3%A0","blogs/ir%EC%9E%90%EB%A3%8C/%EC%A3%BC%EC%8B%9D%EB%AA%85%EC%9D%98%EA%B0%9C%EC%84%9C-%EC%A0%95%EC%A7%80-%EB%B0%8F-%EA%B8%B0%EC%A4%80%EC%9D%BC-%EA%B3%B5%EA%B3%A0","2026-04-20T11:22:57+09:00","주식명의개서 정지 및 기준일 공고","https://cdn.shopify.com/s/files/1/0865/4408/9378/articles/b900adbdf1de8c1c954a9b18f95c4c3b-1776651773.jpg?v=1776651777"
"https://kr.sidiz.com/blogs/ir%EC%9E%90%EB%A3%8C/%EC%A0%9C3%EA%B8%B0-%EA%B2%B0%EC%82%B0%EA%B3%B5%EA%B3%A0","blogs/ir%EC%9E%90%EB%A3%8C/%EC%A0%9C3%EA%B8%B0-%EA%B2%B0%EC%82%B0%EA%B3%B5%EA%B3%A0","2026-04-20T11:22:55+09:00","제3기 결산공고","https://cdn.shopify.com/s/files/1/0865/4408/9378/articles/3-1776651772.jpg?v=1776651775"
"https://kr.sidiz.com/blogs/ir%EC%9E%90%EB%A3%8C/%EC%A0%9C4%EA%B8%B0-%EA%B2%B0%EC%82%B0%EA%B3%B5%EA%B3%A0","blogs/ir%EC%9E%90%EB%A3%8C/%EC%A0%9C4%EA%B8%B0-%EA%B2%B0%EC%82%B0%EA%B3%B5%EA%B3%A0","2026-04-20T11:23:05+09:00","제4기 결산공고","https://cdn.shopify.com/s/files/1/0865/4408/9378/articles/4-1776651779.jpg?v=1776651785"
"https://kr.sidiz.com/blogs/ir%EC%9E%90%EB%A3%8C/%EC%99%B8%EB%B6%80%EA%B0%90%EC%82%AC%EC%9D%B8-%EC%84%A0%EC%9E%84%EA%B3%B5%EA%B3%A0","blogs/ir%EC%9E%90%EB%A3%8C/%EC%99%B8%EB%B6%80%EA%B0%90%EC%82%AC%EC%9D%B8-%EC%84%A0%EC%9E%84%EA%B3%B5%EA%B3%A0","2026-04-20T11:23:11+09:00","외부감사인 선임공고","https://cdn.shopify.com/s/files/1/0865/4408/9378/articles/f9d0696fcfcd4180b7444464325a36ae-1776651784.jpg?v=1776651791"
"https://kr.sidiz.com/blogs/ir%EC%9E%90%EB%A3%8C/%EC%A0%9C5%EA%B8%B0-%EA%B2%B0%EC%82%B0%EA%B3%B5%EA%B3%A0","blogs/ir%EC%9E%90%EB%A3%8C/%EC%A0%9C5%EA%B8%B0-%EA%B2%B0%EC%82%B0%EA%B3%B5%EA%B3%A0","2026-04-20T11:23:07+09:00","제5기 결산공고","https://cdn.shopify.com/s/files/1/0865/4408/9378/articles/5-1776651780.jpg?v=1776651787"
"https://kr.sidiz.com/blogs/ir%EC%9E%90%EB%A3%8C/%EC%A0%9C6%EA%B8%B0-%EA%B2%B0%EC%82%B0%EA%B3%B5%EA%B3%A0","blogs/ir%EC%9E%90%EB%A3%8C/%EC%A0%9C6%EA%B8%B0-%EA%B2%B0%EC%82%B0%EA%B3%B5%EA%B3%A0","2026-04-20T11:23:02+09:00","제6기 결산공고","https://cdn.shopify.com/s/files/1/0865/4408/9378/articles/6-1776651777.jpg?v=1776651782"
"https://kr.sidiz.com/blogs/ir%EC%9E%90%EB%A3%8C/%EC%A0%9C7%EA%B8%B0-%EA%B2%B0%EC%82%B0%EA%B3%B5%EA%B3%A0","blogs/ir%EC%9E%90%EB%A3%8C/%EC%A0%9C7%EA%B8%B0-%EA%B2%B0%EC%82%B0%EA%B3%B5%EA%B3%A0","2026-04-20T11:23:10+09:00","제7기 결산공고","https://cdn.shopify.com/s/files/1/0865/4408/9378/articles/7-1776651783.jpg?v=1776651790"
"https://kr.sidiz.com/blogs/ir%EC%9E%90%EB%A3%8C/%EC%A0%9C8%EA%B8%B0-%EA%B2%B0%EC%82%B0%EA%B3%B5%EA%B3%A0","blogs/ir%EC%9E%90%EB%A3%8C/%EC%A0%9C8%EA%B8%B0-%EA%B2%B0%EC%82%B0%EA%B3%B5%EA%B3%A0","2026-04-20T11:23:01+09:00","제8기 결산공고","https://cdn.shopify.com/s/files/1/0865/4408/9378/articles/8-1776651776.jpg?v=1776651781"
"https://kr.sidiz.com/blogs/ir%EC%9E%90%EB%A3%8C/%EC%A0%9C9%EA%B8%B0-%EA%B2%B0%EC%82%B0%EA%B3%B5%EA%B3%A0","blogs/ir%EC%9E%90%EB%A3%8C/%EC%A0%9C9%EA%B8%B0-%EA%B2%B0%EC%82%B0%EA%B3%B5%EA%B3%A0","2026-04-20T11:23:00+09:00","제9기 결산공고","https://cdn.shopify.com/s/files/1/0865/4408/9378/articles/9-1776651775.png?v=1776651780"
"https://kr.sidiz.com/blogs/ir%EC%9E%90%EB%A3%8C/%EC%A0%84%EC%9E%90%EC%A6%9D%EA%B6%8C-%EC%A0%84%ED%99%98-%EB%8C%80%EC%83%81-%EC%A3%BC%EA%B6%8C-%EA%B6%8C%EB%A6%AC%EC%9E%90%EC%A3%BC%EC%A3%BC-%EB%B3%B4%ED%98%B8-%EB%B0%8F-%EC%A1%B0%EC%B9%98%EC%82%AC%ED%95%AD-%EC%95%88%EB%82%B4","blogs/ir%EC%9E%90%EB%A3%8C/%EC%A0%84%EC%9E%90%EC%A6%9D%EA%B6%8C-%EC%A0%84%ED%99%98-%EB%8C%80%EC%83%81-%EC%A3%BC%EA%B6%8C-%EA%B6%8C%EB%A6%AC%EC%9E%90%EC%A3%BC%EC%A3%BC-%EB%B3%B4%ED%98%B8-%EB%B0%8F-%EC%A1%B0%EC%B9%98%EC%82%AC%ED%95%AD-%EC%95%88%EB%82%B4","2026-04-20T11:23:13+09:00","전자증권 전환 대상 주권 권리자[주주] 보호 및 조치사항 안내","https://cdn.shopify.com/s/files/1/0865/4408/9378/articles/1_1-1776651784.jpg?v=1776651793"
"https://kr.sidiz.com/blogs/ir%EC%9E%90%EB%A3%8C/%EC%A0%9C10%EA%B8%B0-%EA%B2%B0%EC%82%B0%EA%B3%B5%EA%B3%A0","blogs/ir%EC%9E%90%EB%A3%8C/%EC%A0%9C10%EA%B8%B0-%EA%B2%B0%EC%82%B0%EA%B3%B5%EA%B3%A0","2026-04-20T11:23:08+09:00","제10기 결산공고","https://cdn.shopify.com/s/files/1/0865/4408/9378/articles/10-1776651782.jpg?v=1776651788"
"https://kr.sidiz.com/blogs/ir%EC%9E%90%EB%A3%8C/%EC%A0%9C11%EA%B8%B0-%EC%82%AC%EC%97%85%EB%B3%B4%EA%B3%A0%EC%84%9C","blogs/ir%EC%9E%90%EB%A3%8C/%EC%A0%9C11%EA%B8%B0-%EC%82%AC%EC%97%85%EB%B3%B4%EA%B3%A0%EC%84%9C","2026-04-17T16:19:28+09:00",,
"https://kr.sidiz.com/blogs/ir%EC%9E%90%EB%A3%8C/%EC%A0%9C11%EA%B8%B0-%EA%B0%90%EC%82%AC%EB%B3%B4%EA%B3%A0%EC%84%9C","blogs/ir%EC%9E%90%EB%A3%8C/%EC%A0%9C11%EA%B8%B0-%EA%B0%90%EC%82%AC%EB%B3%B4%EA%B3%A0%EC%84%9C","2026-04-17T16:19:27+09:00",,
"https://kr.sidiz.com/blogs/ir%EC%9E%90%EB%A3%8C/%EC%A0%9C11%EA%B8%B0-%EA%B2%B0%EC%82%B0%EA%B3%B5%EA%B3%A0","blogs/ir%EC%9E%90%EB%A3%8C/%EC%A0%9C11%EA%B8%B0-%EA%B2%B0%EC%82%B0%EA%B3%B5%EA%B3%A0","2026-04-20T11:23:04+09:00","제11기 결산공고","https://cdn.shopify.com/s/files/1/0865/4408/9378/articles/11-1776651778.jpg?v=1776651784"
"https://kr.sidiz.com/blogs/ir%EC%9E%90%EB%A3%8C/%EC%A0%9C12%EA%B8%B0-%EC%82%AC%EC%97%85%EB%B3%B4%EA%B3%A0%EC%84%9C","blogs/ir%EC%9E%90%EB%A3%8C/%EC%A0%9C12%EA%B8%B0-%EC%82%AC%EC%97%85%EB%B3%B4%EA%B3%A0%EC%84%9C","2026-04-17T16:19:28+09:00",,
"https://kr.sidiz.com/blogs/ir%EC%9E%90%EB%A3%8C/%EC%A0%9C12%EA%B8%B0-%EA%B0%90%EC%82%AC%EB%B3%B4%EA%B3%A0%EC%84%9C","blogs/ir%EC%9E%90%EB%A3%8C/%EC%A0%9C12%EA%B8%B0-%EA%B0%90%EC%82%AC%EB%B3%B4%EA%B3%A0%EC%84%9C","2026-04-17T16:19:28+09:00",,
"https://kr.sidiz.com/blogs/ir%EC%9E%90%EB%A3%8C/%EC%A0%9C12%EA%B8%B0-%EA%B2%B0%EC%82%B0%EA%B3%B5%EA%B3%A0","blogs/ir%EC%9E%90%EB%A3%8C/%EC%A0%9C12%EA%B8%B0-%EA%B2%B0%EC%82%B0%EA%B3%B5%EA%B3%A0","2026-04-20T12:43:20+09:00","제12기 결산공고","https://cdn.shopify.com/s/files/1/0865/4408/9378/articles/12-1776651788-1776656598.jpg?v=1776656600"
"https://kr.sidiz.com/blogs/ir%EC%9E%90%EB%A3%8C/%EC%A0%9C13%EA%B8%B0-%EC%82%AC%EC%97%85%EB%B3%B4%EA%B3%A0%EC%84%9C","blogs/ir%EC%9E%90%EB%A3%8C/%EC%A0%9C13%EA%B8%B0-%EC%82%AC%EC%97%85%EB%B3%B4%EA%B3%A0%EC%84%9C","2026-04-17T16:19:28+09:00",,
"https://kr.sidiz.com/blogs/ir%EC%9E%90%EB%A3%8C/%EC%A0%9C13%EA%B8%B0-%EC%97%B0%EA%B2%B0%EA%B0%90%EC%82%AC%EB%B3%B4%EA%B3%A0%EC%84%9C","blogs/ir%EC%9E%90%EB%A3%8C/%EC%A0%9C13%EA%B8%B0-%EC%97%B0%EA%B2%B0%EA%B0%90%EC%82%AC%EB%B3%B4%EA%B3%A0%EC%84%9C","2026-04-17T16:19:28+09:00",,
"https://kr.sidiz.com/blogs/ir%EC%9E%90%EB%A3%8C/%EC%A0%9C13%EA%B8%B0-%EB%B3%84%EB%8F%84%EA%B0%90%EC%82%AC%EB%B3%B4%EA%B3%A0%EC%84%9C","blogs/ir%EC%9E%90%EB%A3%8C/%EC%A0%9C13%EA%B8%B0-%EB%B3%84%EB%8F%84%EA%B0%90%EC%82%AC%EB%B3%B4%EA%B3%A0%EC%84%9C","2026-04-17T16:19:28+09:00",,
"https://kr.sidiz.com/blogs/ir%EC%9E%90%EB%A3%8C/%EC%A0%9C13%EA%B8%B0-%EA%B2%B0%EC%82%B0%EA%B3%B5%EA%B3%A0","blogs/ir%EC%9E%90%EB%A3%8C/%EC%A0%9C13%EA%B8%B0-%EA%B2%B0%EC%82%B0%EA%B3%B5%EA%B3%A0","2026-04-20T11:23:23+09:00","제13기 결산공고","https://cdn.shopify.com/s/files/1/0865/4408/9378/articles/13__page-0001-1776651791.jpg?v=1776651803"
"https://kr.sidiz.com/blogs/ir%EC%9E%90%EB%A3%8C/%EC%A0%9C14%EA%B8%B0-%EC%97%B0%EA%B2%B0%EA%B0%90%EC%82%AC%EB%B3%B4%EA%B3%A0%EC%84%9C","blogs/ir%EC%9E%90%EB%A3%8C/%EC%A0%9C14%EA%B8%B0-%EC%97%B0%EA%B2%B0%EA%B0%90%EC%82%AC%EB%B3%B4%EA%B3%A0%EC%84%9C","2026-04-17T16:19:28+09:00",,
"https://kr.sidiz.com/blogs/ir%EC%9E%90%EB%A3%8C/%EC%A0%9C14%EA%B8%B0-%EB%B3%84%EB%8F%84%EA%B0%90%EC%82%AC%EB%B3%B4%EA%B3%A0%EC%84%9C","blogs/ir%EC%9E%90%EB%A3%8C/%EC%A0%9C14%EA%B8%B0-%EB%B3%84%EB%8F%84%EA%B0%90%EC%82%AC%EB%B3%B4%EA%B3%A0%EC%84%9C","2026-04-17T16:19:29+09:00",,
"https://kr.sidiz.com/blogs/ir%EC%9E%90%EB%A3%8C/%EC%A0%9C14%EA%B8%B0-%EC%82%AC%EC%97%85%EB%B3%B4%EA%B3%A0%EC%84%9C","blogs/ir%EC%9E%90%EB%A3%8C/%EC%A0%9C14%EA%B8%B0-%EC%82%AC%EC%97%85%EB%B3%B4%EA%B3%A0%EC%84%9C","2026-04-17T16:19:29+09:00",,
"https://kr.sidiz.com/blogs/ir%EC%9E%90%EB%A3%8C/%EC%A0%9C14%EA%B8%B0-%EA%B2%B0%EC%82%B0%EA%B3%B5%EA%B3%A0","blogs/ir%EC%9E%90%EB%A3%8C/%EC%A0%9C14%EA%B8%B0-%EA%B2%B0%EC%82%B0%EA%B3%B5%EA%B3%A0","2026-04-20T11:23:17+09:00","제14기 결산공고","https://cdn.shopify.com/s/files/1/0865/4408/9378/articles/14__page-0001-1776651787.jpg?v=1776651797"
"https://kr.sidiz.com/blogs/s-culture/%EC%95%89%EC%95%84%EC%95%BC-%EC%9D%BC%EC%96%B4%EB%82%98%EB%8A%94-%EC%98%A4%EB%8A%98-01-%EC%9E%91%EA%B0%80-%ED%83%9C%EC%9E%AC%EA%B0%80-%EB%A7%90%ED%95%98%EB%8A%94-%EB%AA%B0%EC%9E%85%EC%9D%98-%EC%A6%90%EA%B1%B0%EC%9B%80-with-%EC%8B%9C%EB%94%94%EC%A6%88-t80","blogs/s-culture/%EC%95%89%EC%95%84%EC%95%BC-%EC%9D%BC%EC%96%B4%EB%82%98%EB%8A%94-%EC%98%A4%EB%8A%98-01-%EC%9E%91%EA%B0%80-%ED%83%9C%EC%9E%AC%EA%B0%80-%EB%A7%90%ED%95%98%EB%8A%94-%EB%AA%B0%EC%9E%85%EC%9D%98-%EC%A6%90%EA%B1%B0%EC%9B%80-with-%EC%8B%9C%EB%94%94%EC%A6%88-t80","2026-04-17T16:19:29+09:00","작가 태재가 말하는 몰입의 즐거움","https://cdn.shopify.com/s/files/1/0865/4408/9378/articles/taejae_520x500_d3be51ac-4dcc-431b-b606-ad337780e9fe.png?v=1758522554"
"https://kr.sidiz.com/blogs/s-culture/%EC%95%89%EC%95%84%EC%95%BC-%EC%9D%BC%EC%96%B4%EB%82%98%EB%8A%94-%EC%98%A4%EB%8A%98-02-%EB%82%B4%EC%B6%94%EB%9F%B4%EC%82%AC%EC%9D%B4%EC%A6%88-%EB%AA%A8%EB%8D%B8-%EC%B9%98%EB%8F%84%EA%B0%80-%EB%A7%90%ED%95%98%EB%8A%94-%EB%82%98%EB%A5%BC-%EB%A7%88%EC%A3%BC%ED%95%98%EB%8A%94-%EB%B0%A9%EB%B2%95-with-%EC%8B%9C%EB%94%94%EC%A6%88-%EC%97%90%EA%B0%80","blogs/s-culture/%EC%95%89%EC%95%84%EC%95%BC-%EC%9D%BC%EC%96%B4%EB%82%98%EB%8A%94-%EC%98%A4%EB%8A%98-02-%EB%82%B4%EC%B6%94%EB%9F%B4%EC%82%AC%EC%9D%B4%EC%A6%88-%EB%AA%A8%EB%8D%B8-%EC%B9%98%EB%8F%84%EA%B0%80-%EB%A7%90%ED%95%98%EB%8A%94-%EB%82%98%EB%A5%BC-%EB%A7%88%EC%A3%BC%ED%95%98%EB%8A%94-%EB%B0%A9%EB%B2%95-with-%EC%8B%9C%EB%94%94%EC%A6%88-%EC%97%90%EA%B0%80","2026-04-20T11:23:21+09:00","내추럴사이즈 모델 치도가 '나'를 마주하는 방법","https://cdn.shopify.com/s/files/1/0865/4408/9378/articles/chido_520x500_520x500_8f73592b-3d04-4e9e-a127-7face4b08af6-1776651790.png?v=1776651801"
"https://kr.sidiz.com/blogs/special-offers/refferal_info","blogs/special-offers/refferal_info","2026-04-20T11:23:15+09:00","시디즈 리퍼럴 제도 소개","https://cdn.shopify.com/s/files/1/0865/4408/9378/articles/2_f527632e-6aea-4592-9502-cb387ebf09a7-1776651785.jpg?v=1776651795"
"https://kr.sidiz.com/blogs/s-culture/%EC%95%89%EC%95%84%EC%95%BC-%EC%9D%BC%EC%96%B4%EB%82%98%EB%8A%94-%EC%98%A4%EB%8A%98-03-%EB%85%B9%EA%B8%B0-%EC%A0%84%EC%97%90-%EB%B0%95%EC%A0%95%EC%88%98-%EB%8C%80%ED%91%9C%EA%B0%80-%EB%A7%90%ED%95%98%EB%8A%94-%EC%A7%84%EC%A7%9C-%EA%B0%80%EC%B9%98-%EC%9E%88%EB%8A%94-%EC%88%9C%EA%B0%84-with-%EC%8B%9C%EB%94%94%EC%A6%88-%ED%8E%91%EA%B1%B0%EC%8A%A4","blogs/s-culture/%EC%95%89%EC%95%84%EC%95%BC-%EC%9D%BC%EC%96%B4%EB%82%98%EB%8A%94-%EC%98%A4%EB%8A%98-03-%EB%85%B9%EA%B8%B0-%EC%A0%84%EC%97%90-%EB%B0%95%EC%A0%95%EC%88%98-%EB%8C%80%ED%91%9C%EA%B0%80-%EB%A7%90%ED%95%98%EB%8A%94-%EC%A7%84%EC%A7%9C-%EA%B0%80%EC%B9%98-%EC%9E%88%EB%8A%94-%EC%88%9C%EA%B0%84-with-%EC%8B%9C%EB%94%94%EC%A6%88-%ED%8E%91%EA%B1%B0%EC%8A%A4","2026-04-20T11:23:20+09:00","녹기 전에 박정수 대표가 말하는 진짜 가치 있는 순간","https://cdn.shopify.com/s/files/1/0865/4408/9378/articles/nokjeon_520x500_520x500_ca71034b-5698-4a49-a0d7-cc6d3ce920a3-1776651789.png?v=1776651800"
"https://kr.sidiz.com/blogs/s-culture/%EC%95%89%EC%95%84%EC%95%BC-%EC%9D%BC%EC%96%B4%EB%82%98%EB%8A%94-%EC%98%A4%EB%8A%98-04-%EC%B1%85-%EC%88%98%EC%84%A0%EA%B0%80-%EC%9E%AC%EC%98%81%EC%9D%B4-%EB%A7%90%ED%95%98%EB%8A%94-%EC%B1%85%EC%9D%84-%EC%88%98%EC%84%A0%ED%95%98%EB%A9%B0-%EB%B0%B0%EC%9A%B4-%EC%82%B6%EC%9D%98-%ED%83%9C%EB%8F%84-with-%EC%8B%9C%EB%94%94%EC%A6%88-t50-air","blogs/s-culture/%EC%95%89%EC%95%84%EC%95%BC-%EC%9D%BC%EC%96%B4%EB%82%98%EB%8A%94-%EC%98%A4%EB%8A%98-04-%EC%B1%85-%EC%88%98%EC%84%A0%EA%B0%80-%EC%9E%AC%EC%98%81%EC%9D%B4-%EB%A7%90%ED%95%98%EB%8A%94-%EC%B1%85%EC%9D%84-%EC%88%98%EC%84%A0%ED%95%98%EB%A9%B0-%EB%B0%B0%EC%9A%B4-%EC%82%B6%EC%9D%98-%ED%83%9C%EB%8F%84-with-%EC%8B%9C%EB%94%94%EC%A6%88-t50-air","2026-04-20T11:23:33+09:00","책 수선가 재영이 책을 수선하며 배운 삶의 태도","https://cdn.shopify.com/s/files/1/0865/4408/9378/articles/img_sculture_520x500_520x500_520x500_d5d93cc9-0595-4e2e-9c70-8b506a332d5d-1776651798.jpg?v=1776651813"
"https://kr.sidiz.com/blogs/s-culture/%EC%95%89%EC%95%84%EC%95%BC-%EC%9D%BC%EC%96%B4%EB%82%98%EB%8A%94-%EC%98%A4%EB%8A%98-05-%ED%82%A8%EC%B8%A0%EA%B8%B0-%EA%B3%B5%EC%98%88-%EA%B9%80%EC%88%98%EB%AF%B8-%EC%9E%91%EA%B0%80%EC%9D%98-%EC%83%88%EB%A1%9C%EC%9A%B4-%EC%95%84%EB%A6%84%EB%8B%A4%EC%9B%80%EC%9D%84-%EB%A7%8C%EB%93%A4%EC%96%B4-%EA%B0%80%EB%8A%94-%EC%8B%9C%EC%84%A0-with-%EC%8B%9C%EB%94%94%EC%A6%88-%EB%A6%AC%EB%8B%88%EC%97%90","blogs/s-culture/%EC%95%89%EC%95%84%EC%95%BC-%EC%9D%BC%EC%96%B4%EB%82%98%EB%8A%94-%EC%98%A4%EB%8A%98-05-%ED%82%A8%EC%B8%A0%EA%B8%B0-%EA%B3%B5%EC%98%88-%EA%B9%80%EC%88%98%EB%AF%B8-%EC%9E%91%EA%B0%80%EC%9D%98-%EC%83%88%EB%A1%9C%EC%9A%B4-%EC%95%84%EB%A6%84%EB%8B%A4%EC%9B%80%EC%9D%84-%EB%A7%8C%EB%93%A4%EC%96%B4-%EA%B0%80%EB%8A%94-%EC%8B%9C%EC%84%A0-with-%EC%8B%9C%EB%94%94%EC%A6%88-%EB%A6%AC%EB%8B%88%EC%97%90","2026-04-20T11:23:30+09:00","킨츠기 공예 김수미 작가의 새로운 아름다움을 만들어 가는 시선","https://cdn.shopify.com/s/files/1/0865/4408/9378/articles/img_sculture_5_6_520x500_520x500_520x500_67136216-9d8a-4185-b042-191d622a470b-1776651796.jpg?v=1776651810"
"https://kr.sidiz.com/blogs/s-culture/%EC%95%89%EC%95%84%EC%95%BC-%EC%9D%BC%EC%96%B4%EB%82%98%EB%8A%94-%EC%98%A4%EB%8A%98-06-%EC%A7%84%EC%86%94-%EC%A7%80%ED%9C%98%EC%9E%90%EC%9D%98-%ED%81%B4%EB%9E%98%EC%8B%9D%EC%9D%84-%EB%84%98%EC%96%B4-%EA%B2%8C%EC%9E%84-%EC%9D%8C%EC%95%85-%EC%98%A4%EC%BC%80%EC%8A%A4%ED%8A%B8%EB%9D%BC-%EC%A7%80%ED%9C%98%EA%B9%8C%EC%A7%80-%EC%83%88%EB%A1%9C%EC%9A%B4-%EB%8F%84%EC%A0%84%EC%9C%BC%EB%A1%9C-%EB%82%98%EC%95%84%EA%B0%80%EB%8A%94-%EC%8B%9C%EA%B0%84-with-%EC%8B%9C%EB%94%94%EC%A6%88-gc-pro","blogs/s-culture/%EC%95%89%EC%95%84%EC%95%BC-%EC%9D%BC%EC%96%B4%EB%82%98%EB%8A%94-%EC%98%A4%EB%8A%98-06-%EC%A7%84%EC%86%94-%EC%A7%80%ED%9C%98%EC%9E%90%EC%9D%98-%ED%81%B4%EB%9E%98%EC%8B%9D%EC%9D%84-%EB%84%98%EC%96%B4-%EA%B2%8C%EC%9E%84-%EC%9D%8C%EC%95%85-%EC%98%A4%EC%BC%80%EC%8A%A4%ED%8A%B8%EB%9D%BC-%EC%A7%80%ED%9C%98%EA%B9%8C%EC%A7%80-%EC%83%88%EB%A1%9C%EC%9A%B4-%EB%8F%84%EC%A0%84%EC%9C%BC%EB%A1%9C-%EB%82%98%EC%95%84%EA%B0%80%EB%8A%94-%EC%8B%9C%EA%B0%84-with-%EC%8B%9C%EB%94%94%EC%A6%88-gc-pro","2026-04-17T16:19:29+09:00","지휘자 진솔이 새로운 도전으로 나아가는 시간","https://cdn.shopify.com/s/files/1/0865/4408/9378/articles/jinsol_520x500_520x500_520x500_c3b68b4b-a5ce-49c1-b3ce-04d8f653d9ba.png?v=1758522524"
"https://kr.sidiz.com/blogs/s-culture/%EC%95%89%EC%95%84%EC%95%BC-%EC%9D%BC%EC%96%B4%EB%82%98%EB%8A%94-%EC%98%A4%EB%8A%98-07-%ED%8E%98%EC%9D%BC%EB%B8%94%EB%A3%A8%EB%8B%B7-%EC%A1%B0%ED%96%A5%EC%82%AC-%EC%9E%84%ED%96%A5%EB%AF%B8%EC%9D%98-%EC%83%88%EB%A1%9C%EC%9A%B4-%EC%97%90%EB%84%88%EC%A7%80%EB%A5%BC-%EC%96%BB%EA%B3%A0-%EC%83%88%EB%A1%9C%EC%9A%B4-%ED%96%A5%EC%9D%84-%EB%A7%8C%EB%93%9C%EB%8A%94-%EC%97%AC%EC%A0%95-with-%EC%8B%9C%EB%94%94%EC%A6%88-%EC%97%90%EA%B0%80","blogs/s-culture/%EC%95%89%EC%95%84%EC%95%BC-%EC%9D%BC%EC%96%B4%EB%82%98%EB%8A%94-%EC%98%A4%EB%8A%98-07-%ED%8E%98%EC%9D%BC%EB%B8%94%EB%A3%A8%EB%8B%B7-%EC%A1%B0%ED%96%A5%EC%82%AC-%EC%9E%84%ED%96%A5%EB%AF%B8%EC%9D%98-%EC%83%88%EB%A1%9C%EC%9A%B4-%EC%97%90%EB%84%88%EC%A7%80%EB%A5%BC-%EC%96%BB%EA%B3%A0-%EC%83%88%EB%A1%9C%EC%9A%B4-%ED%96%A5%EC%9D%84-%EB%A7%8C%EB%93%9C%EB%8A%94-%EC%97%AC%EC%A0%95-with-%EC%8B%9C%EB%94%94%EC%A6%88-%EC%97%90%EA%B0%80","2026-04-20T11:23:35+09:00","페일블루닷 조향사 임향미의 새로운 에너지를 얻고 새로운 향을 만드는 여정","https://cdn.shopify.com/s/files/1/0865/4408/9378/articles/img_sculture__2_520x500_37287ab5-8d60-4e04-9be1-9491d0d6d2ae-1776651799.jpg?v=1776651815"
"https://kr.sidiz.com/blogs/s-culture/%EC%95%89%EC%95%84%EC%95%BC-%EC%9D%BC%EC%96%B4%EB%82%98%EB%8A%94-%EC%98%A4%EB%8A%98-08-%EB%AC%B4%EB%B9%99%EC%9B%8C%ED%84%B0-%EC%9D%B4%EB%8F%99%EC%88%98%EC%9D%98-%EB%82%98%EB%A7%8C%EC%9D%98-%EC%B4%9D%EC%95%8C%EC%9D%84-%EB%AA%A8%EC%9C%BC%EB%8A%94-%EC%8B%9C%EA%B0%84-with-%EC%8B%9C%EB%94%94%EC%A6%88-t50","blogs/s-culture/%EC%95%89%EC%95%84%EC%95%BC-%EC%9D%BC%EC%96%B4%EB%82%98%EB%8A%94-%EC%98%A4%EB%8A%98-08-%EB%AC%B4%EB%B9%99%EC%9B%8C%ED%84%B0-%EC%9D%B4%EB%8F%99%EC%88%98%EC%9D%98-%EB%82%98%EB%A7%8C%EC%9D%98-%EC%B4%9D%EC%95%8C%EC%9D%84-%EB%AA%A8%EC%9C%BC%EB%8A%94-%EC%8B%9C%EA%B0%84-with-%EC%8B%9C%EB%94%94%EC%A6%88-t50","2026-04-20T11:23:27+09:00","무빙워터 이동수가 나만의 총알을 모으는 시간","https://cdn.shopify.com/s/files/1/0865/4408/9378/articles/movingwater_520x500_520x500_520x500_520x500_d38a7f15-f485-4f80-a729-99a58549539b-1776651794.png?v=1776651807"
"https://kr.sidiz.com/blogs/s-culture/sidiz-people-05-fc-%EB%B0%94%EC%9D%B4%EC%97%90%EB%A5%B8-%EB%AE%8C%ED%97%A8%EC%9D%98-%EC%97%AC%EC%9E%90%EC%B6%95%EA%B5%AC-%EC%84%A0%EC%88%98-%EB%8C%80%EC%8B%A0-%EC%8A%A4%ED%83%80%ED%8A%B8%EC%97%85%EC%9D%98-%EA%B8%B8%EC%9D%84-%EC%84%A0%ED%83%9D%ED%95%9C-%EC%9D%B4%EC%9C%A0-%EC%BD%94%EB%9E%84%EB%A1%9C-ceo-%EC%8B%9C%EB%82%98-with-%EC%8B%9C%EB%94%94%EC%A6%88-t90","blogs/s-culture/sidiz-people-05-fc-%EB%B0%94%EC%9D%B4%EC%97%90%EB%A5%B8-%EB%AE%8C%ED%97%A8%EC%9D%98-%EC%97%AC%EC%9E%90%EC%B6%95%EA%B5%AC-%EC%84%A0%EC%88%98-%EB%8C%80%EC%8B%A0-%EC%8A%A4%ED%83%80%ED%8A%B8%EC%97%85%EC%9D%98-%EA%B8%B8%EC%9D%84-%EC%84%A0%ED%83%9D%ED%95%9C-%EC%9D%B4%EC%9C%A0-%EC%BD%94%EB%9E%84%EB%A1%9C-ceo-%EC%8B%9C%EB%82%98-with-%EC%8B%9C%EB%94%94%EC%A6%88-t90","2026-04-20T11:23:36+09:00","코랄로 CEO 시나가 FC 바이에른 뮌헨의 여자축구 선수 대신 스타트업의 길을 선택한 이유","https://cdn.shopify.com/s/files/1/0865/4408/9378/articles/koralo_520x500_a5857603-eb5e-45b7-a9dc-043fc3e840a3-1776651800.png?v=1776651816"
"https://kr.sidiz.com/blogs/s-culture/%EC%95%89%EC%95%84%EC%95%BC-%EC%9D%BC%EC%96%B4%EB%82%98%EB%8A%94-%EC%98%A4%EB%8A%98-09-%ED%85%8C%EC%9D%B4%ED%94%84-%EC%95%84%ED%8B%B0%EC%8A%A4%ED%8A%B8-%EC%A1%B0%EC%9C%A4%EC%A7%84%EC%9D%98-%EB%82%B4-%EB%8B%A4%EC%9D%8C%EC%9D%84-%EC%9C%84%ED%95%9C-%EB%82%98%EB%8B%A4%EC%9B%80-with-%EC%8B%9C%EB%94%94%EC%A6%88-%EB%A6%AC%EB%8B%88%EC%97%90","blogs/s-culture/%EC%95%89%EC%95%84%EC%95%BC-%EC%9D%BC%EC%96%B4%EB%82%98%EB%8A%94-%EC%98%A4%EB%8A%98-09-%ED%85%8C%EC%9D%B4%ED%94%84-%EC%95%84%ED%8B%B0%EC%8A%A4%ED%8A%B8-%EC%A1%B0%EC%9C%A4%EC%A7%84%EC%9D%98-%EB%82%B4-%EB%8B%A4%EC%9D%8C%EC%9D%84-%EC%9C%84%ED%95%9C-%EB%82%98%EB%8B%A4%EC%9B%80-with-%EC%8B%9C%EB%94%94%EC%A6%88-%EB%A6%AC%EB%8B%88%EC%97%90","2026-04-20T11:23:29+09:00","테이프 아티스트 조윤진의 내 다음을 위한 나다움","https://cdn.shopify.com/s/files/1/0865/4408/9378/articles/cho_520x500_520x500_520x500_2088f53f-cca0-4325-98be-148723a1245f-1776651795.png?v=1776651809"
"https://kr.sidiz.com/blogs/s-culture/sidiz-people-04-%EC%9C%84%ED%97%98%EC%9D%84-%EB%AC%B4%EB%A6%85%EC%93%B0%EA%B3%A0-%EB%AF%B8%EC%A7%80%EC%9D%98-%EC%84%B8%EA%B3%84%EB%A1%9C-%EA%B3%BC%EA%B0%90%ED%95%98%EA%B2%8C-%EB%9B%B0%EC%96%B4%EB%93%9C%EB%8A%94-%EA%B2%83-%EB%8D%B0%EB%93%9C%EC%9A%B0%EB%93%9C-ceo-%ED%8E%A0%EB%A6%AD%EC%8A%A4-%ED%8F%B0-%EB%B0%94%EB%8D%94-with-%EC%8B%9C%EB%94%94%EC%A6%88-t90","blogs/s-culture/sidiz-people-04-%EC%9C%84%ED%97%98%EC%9D%84-%EB%AC%B4%EB%A6%85%EC%93%B0%EA%B3%A0-%EB%AF%B8%EC%A7%80%EC%9D%98-%EC%84%B8%EA%B3%84%EB%A1%9C-%EA%B3%BC%EA%B0%90%ED%95%98%EA%B2%8C-%EB%9B%B0%EC%96%B4%EB%93%9C%EB%8A%94-%EA%B2%83-%EB%8D%B0%EB%93%9C%EC%9A%B0%EB%93%9C-ceo-%ED%8E%A0%EB%A6%AD%EC%8A%A4-%ED%8F%B0-%EB%B0%94%EB%8D%94-with-%EC%8B%9C%EB%94%94%EC%A6%88-t90","2026-04-20T11:23:25+09:00","데드우드 CEO 펠릭스 폰 바더가 미지의 세계로 과감하게 뛰어든 이유","https://cdn.shopify.com/s/files/1/0865/4408/9378/articles/deadwood_520x500_520x500_520x500_c7a0f20f-704a-4607-918f-21ab1f88f5f4-1776651792.png?v=1776651805"
"https://kr.sidiz.com/blogs/s-culture/sidiz-people-01-%EC%95%89%EC%95%84%EC%84%9C-%EB%AF%B8%EC%B9%9C-%EA%BF%88%EC%97%90-%EB%8F%84%EC%A0%84%ED%95%98%EB%8A%94-%EC%82%AC%EB%9E%8C-%EA%B4%91%EC%9D%B8%ED%9A%8C%EA%B4%80-%EC%9C%A4%ED%9D%AC%EC%83%81with-%EC%8B%9C%EB%94%94%EC%A6%88-t90","blogs/s-culture/sidiz-people-01-%EC%95%89%EC%95%84%EC%84%9C-%EB%AF%B8%EC%B9%9C-%EA%BF%88%EC%97%90-%EB%8F%84%EC%A0%84%ED%95%98%EB%8A%94-%EC%82%AC%EB%9E%8C-%EA%B4%91%EC%9D%B8%ED%9A%8C%EA%B4%80-%EC%9C%A4%ED%9D%AC%EC%83%81with-%EC%8B%9C%EB%94%94%EC%A6%88-t90","2026-04-20T11:23:38+09:00","앉아서 미친 꿈에 도전하는 사람, 광인회관 윤희상","https://cdn.shopify.com/s/files/1/0865/4408/9378/articles/hee_520x500_43b4ef24-9c12-4560-a5c7-6db7d1ad5512-1776651802.png?v=1776651818"
"https://kr.sidiz.com/blogs/s-culture/sidiz-people-02-%EC%9D%98%EC%9E%90%EB%9D%BC%EB%8A%94-%EB%A7%90-%EC%9C%84%EC%97%90%EC%84%9C-%EB%AF%B8%EC%B9%9C-%EA%BF%88%EC%9D%84-%EC%A0%95%EB%B3%B5%ED%95%98%EB%8A%94-%EC%82%AC%EB%9E%8C-%EA%B4%91%EC%9D%B8%ED%9A%8C%EA%B4%80-%EA%B9%80%EC%A7%84%EC%9A%B0with-%EC%8B%9C%EB%94%94%EC%A6%88-t90","blogs/s-culture/sidiz-people-02-%EC%9D%98%EC%9E%90%EB%9D%BC%EB%8A%94-%EB%A7%90-%EC%9C%84%EC%97%90%EC%84%9C-%EB%AF%B8%EC%B9%9C-%EA%BF%88%EC%9D%84-%EC%A0%95%EB%B3%B5%ED%95%98%EB%8A%94-%EC%82%AC%EB%9E%8C-%EA%B4%91%EC%9D%B8%ED%9A%8C%EA%B4%80-%EA%B9%80%EC%A7%84%EC%9A%B0with-%EC%8B%9C%EB%94%94%EC%A6%88-t90","2026-04-20T11:23:32+09:00","의자라는 말 위에서 미친 꿈을 정복하는 사람, 광인회관 김진우","https://cdn.shopify.com/s/files/1/0865/4408/9378/articles/liner_520x500_f7517d26-2a19-447c-a46b-c30773f4986b-1776651797.png?v=1776651812"
"https://kr.sidiz.com/blogs/s-culture/sidiz-people-03-90-%EC%9D%B4%EC%83%81%EC%9D%98-%ED%88%AC%EC%9E%90-%EC%84%B1%EA%B3%B5%EB%A5%A0%EC%9D%84-%EC%9C%A0%EC%A7%80%ED%95%98%EB%8A%94-%EB%B2%95-%EC%96%B8%EB%B0%94%EC%9A%B4%EB%93%9C%EB%9E%A9%EB%8D%B0%EB%B8%8C-ceo-%EC%A1%B0%EC%9A%A9%EB%AF%BCwith-%EC%8B%9C%EB%94%94%EC%A6%88-t90","blogs/s-culture/sidiz-people-03-90-%EC%9D%B4%EC%83%81%EC%9D%98-%ED%88%AC%EC%9E%90-%EC%84%B1%EA%B3%B5%EB%A5%A0%EC%9D%84-%EC%9C%A0%EC%A7%80%ED%95%98%EB%8A%94-%EB%B2%95-%EC%96%B8%EB%B0%94%EC%9A%B4%EB%93%9C%EB%9E%A9%EB%8D%B0%EB%B8%8C-ceo-%EC%A1%B0%EC%9A%A9%EB%AF%BCwith-%EC%8B%9C%EB%94%94%EC%A6%88-t90","2026-04-17T16:19:30+09:00","언바운드랩데브 CEO 조용민이 90% 이상의 투자 성공률을 유지하는 법","https://cdn.shopify.com/s/files/1/0865/4408/9378/articles/un_520x500_3b1aba75-a0b6-4061-be08-9fd468ef4a0f.png?v=1758522379"
"https://kr.sidiz.com/blogs/news/%EC%8B%9C%EB%94%94%EC%A6%88-%EC%98%81%EA%B5%AD-%ED%94%84%EB%A6%AC%EB%AF%B8%EC%96%B4%EB%A6%AC%EA%B7%B8-%ED%86%A0%ED%8A%B8%EB%84%98-%ED%99%8B%EC%8A%A4%ED%8D%BC-fc%EC%99%80-%EA%B3%B5%EC%8B%9D-%ED%8C%8C%ED%8A%B8%EB%84%88%EC%8B%AD-%EC%A7%84%ED%96%89","blogs/news/%EC%8B%9C%EB%94%94%EC%A6%88-%EC%98%81%EA%B5%AD-%ED%94%84%EB%A6%AC%EB%AF%B8%EC%96%B4%EB%A6%AC%EA%B7%B8-%ED%86%A0%ED%8A%B8%EB%84%98-%ED%99%8B%EC%8A%A4%ED%8D%BC-fc%EC%99%80-%EA%B3%B5%EC%8B%9D-%ED%8C%8C%ED%8A%B8%EB%84%88%EC%8B%AD-%EC%A7%84%ED%96%89","2026-04-20T11:23:44+09:00","시디즈, 영국 프리미어리그 토트넘 홋스퍼 FC와 공식 파트너십 진행","https://cdn.shopify.com/s/files/1/0865/4408/9378/articles/3_GNB_12badf23-b725-4091-b052-57d665759516-1776651807.jpg?v=1776651824"
"https://kr.sidiz.com/blogs/special-offers/resisters_benefit","blogs/special-offers/resisters_benefit","2026-04-20T11:23:39+09:00","신규 회원 혜택 안내","https://cdn.shopify.com/s/files/1/0865/4408/9378/articles/2_7945e09d-22f0-41ac-b72b-6f1796276514-1776651803.jpg?v=1776651819"
"https://kr.sidiz.com/blogs/news/%EB%8D%94-%ED%94%84%EB%A1%9C%EA%B7%B8%EB%A0%88%EC%8B%9C%EB%B8%8C-%EC%84%B1%EC%88%98%EC%97%90%EC%84%9C-%EC%A7%84%ED%96%89%EB%90%9C-pmrc-2024-%EB%B7%B0%EC%9E%89-%ED%8C%8C%ED%8B%B0-%ED%98%84%EC%9E%A5-%EC%96%B4%EB%95%A0%EB%82%98-1","blogs/news/%EB%8D%94-%ED%94%84%EB%A1%9C%EA%B7%B8%EB%A0%88%EC%8B%9C%EB%B8%8C-%EC%84%B1%EC%88%98%EC%97%90%EC%84%9C-%EC%A7%84%ED%96%89%EB%90%9C-pmrc-2024-%EB%B7%B0%EC%9E%89-%ED%8C%8C%ED%8B%B0-%ED%98%84%EC%9E%A5-%EC%96%B4%EB%95%A0%EB%82%98-1","2026-04-17T16:19:31+09:00",,
"https://kr.sidiz.com/blogs/news/%EC%8B%9C%EB%94%94%EC%A6%88-%EA%B2%8C%EC%9E%84-%EC%9B%8C%ED%81%AC-%ED%8D%BC%ED%8F%AC%EB%A8%BC%EC%8A%A4-%EC%9D%98%EC%9E%90-%EC%8B%A0%EC%A0%9C%ED%92%88-gx-%EC%B6%9C%EC%8B%9C-%EC%84%B1%EC%88%98%EC%97%90-%EB%B0%B0%ED%8B%80%EA%B7%B8%EB%9D%BC%EC%9A%B4%EB%93%9C-%EB%AA%A8%EB%B0%94%EC%9D%BC-%EC%BB%AC%EB%9E%98%EB%B2%84-%ED%8C%9D%EC%97%85%EB%8F%84-%EC%98%A4%ED%94%88","blogs/news/%EC%8B%9C%EB%94%94%EC%A6%88-%EA%B2%8C%EC%9E%84-%EC%9B%8C%ED%81%AC-%ED%8D%BC%ED%8F%AC%EB%A8%BC%EC%8A%A4-%EC%9D%98%EC%9E%90-%EC%8B%A0%EC%A0%9C%ED%92%88-gx-%EC%B6%9C%EC%8B%9C-%EC%84%B1%EC%88%98%EC%97%90-%EB%B0%B0%ED%8B%80%EA%B7%B8%EB%9D%BC%EC%9A%B4%EB%93%9C-%EB%AA%A8%EB%B0%94%EC%9D%BC-%EC%BB%AC%EB%9E%98%EB%B2%84-%ED%8C%9D%EC%97%85%EB%8F%84-%EC%98%A4%ED%94%88","2026-04-17T16:19:32+09:00",,
"https://kr.sidiz.com/blogs/news/%ED%81%AC%EB%9E%98%ED%94%84%ED%86%A4-%EC%8B%9C%EB%94%94%EC%A6%88-%EC%BC%80%EC%8A%A4%ED%8C%8C%EC%9D%98-%ED%95%A9%EC%9E%91-%EC%B2%B4%ED%97%98%EA%B3%B5%EA%B0%84-%EC%8B%9C%EB%94%94%EC%A6%88-%EB%B0%B0%EA%B7%B8-%EB%AA%A8%EB%B0%94%EC%9D%BC-%EC%BB%AC%EB%9E%98%EB%B2%84-%ED%8C%9D%EC%97%85%EC%8A%A4%ED%86%A0%EC%96%B4-%EB%8D%95%EC%A7%80%EC%88%9C%EB%A1%80","blogs/news/%ED%81%AC%EB%9E%98%ED%94%84%ED%86%A4-%EC%8B%9C%EB%94%94%EC%A6%88-%EC%BC%80%EC%8A%A4%ED%8C%8C%EC%9D%98-%ED%95%A9%EC%9E%91-%EC%B2%B4%ED%97%98%EA%B3%B5%EA%B0%84-%EC%8B%9C%EB%94%94%EC%A6%88-%EB%B0%B0%EA%B7%B8-%EB%AA%A8%EB%B0%94%EC%9D%BC-%EC%BB%AC%EB%9E%98%EB%B2%84-%ED%8C%9D%EC%97%85%EC%8A%A4%ED%86%A0%EC%96%B4-%EB%8D%95%EC%A7%80%EC%88%9C%EB%A1%80","2026-04-17T16:19:32+09:00",,
"https://kr.sidiz.com/blogs/news/new-%EA%B2%8C%EC%9D%B4%EB%B0%8D-%EC%9D%98%EC%9E%90-gx-%EB%A7%A4%EC%9E%A5-%EB%8B%A8%EB%8F%85-%ED%94%84%EB%A6%AC%EB%9F%B0%EC%B9%AD","blogs/news/new-%EA%B2%8C%EC%9D%B4%EB%B0%8D-%EC%9D%98%EC%9E%90-gx-%EB%A7%A4%EC%9E%A5-%EB%8B%A8%EB%8F%85-%ED%94%84%EB%A6%AC%EB%9F%B0%EC%B9%AD","2026-04-17T16:19:31+09:00",,
"https://kr.sidiz.com/blogs/news/%EC%8B%9C%EB%94%94%EC%A6%88-%ED%8F%89%ED%83%9D%EA%B3%BC-%EC%86%A1%ED%8C%8C%EC%97%90-%EB%8D%94-%ED%94%84%EB%A1%9C%EA%B7%B8%EB%A0%88%EC%8B%9C%EB%B8%8C-%EC%B6%94%EA%B0%80-%EC%98%A4%ED%94%88","blogs/news/%EC%8B%9C%EB%94%94%EC%A6%88-%ED%8F%89%ED%83%9D%EA%B3%BC-%EC%86%A1%ED%8C%8C%EC%97%90-%EB%8D%94-%ED%94%84%EB%A1%9C%EA%B7%B8%EB%A0%88%EC%8B%9C%EB%B8%8C-%EC%B6%94%EA%B0%80-%EC%98%A4%ED%94%88","2026-04-17T16:19:32+09:00",,
"https://kr.sidiz.com/blogs/news/%EC%8B%9C%EB%94%94%EC%A6%88-%ED%95%9C%EA%B5%ADe%EC%8A%A4%ED%8F%AC%EC%B8%A0%ED%98%91%ED%9A%8C-%EA%B3%B5%EC%8B%9D-%ED%8C%8C%ED%8A%B8%EB%84%88%EC%8B%AD-%ED%86%B5%ED%95%B4-e%EC%8A%A4%ED%8F%AC%EC%B8%A0-%EB%B0%9C%EC%A0%84-%EC%A0%81%EA%B7%B9-%EA%B8%B0%EC%97%AC","blogs/news/%EC%8B%9C%EB%94%94%EC%A6%88-%ED%95%9C%EA%B5%ADe%EC%8A%A4%ED%8F%AC%EC%B8%A0%ED%98%91%ED%9A%8C-%EA%B3%B5%EC%8B%9D-%ED%8C%8C%ED%8A%B8%EB%84%88%EC%8B%AD-%ED%86%B5%ED%95%B4-e%EC%8A%A4%ED%8F%AC%EC%B8%A0-%EB%B0%9C%EC%A0%84-%EC%A0%81%EA%B7%B9-%EA%B8%B0%EC%97%AC","2026-04-17T16:19:32+09:00",,
"https://kr.sidiz.com/blogs/news/%EC%8B%9C%EB%94%94%EC%A6%88-t90-%EC%9D%B8%EA%B8%B0%EC%97%90-%ED%94%8C%EB%9E%98%EA%B7%B8%EC%8B%AD-%EC%8A%A4%ED%86%A0%EC%96%B4-%EC%A0%84%EA%B5%AD-%ED%99%95%EB%8C%80-%EB%8D%94-%ED%94%84%EB%A1%9C%EA%B7%B8%EB%A0%88%EC%8B%9C%EB%B8%8C-%EB%8C%80%EC%A0%84-%EC%98%A4%ED%94%88","blogs/news/%EC%8B%9C%EB%94%94%EC%A6%88-t90-%EC%9D%B8%EA%B8%B0%EC%97%90-%ED%94%8C%EB%9E%98%EA%B7%B8%EC%8B%AD-%EC%8A%A4%ED%86%A0%EC%96%B4-%EC%A0%84%EA%B5%AD-%ED%99%95%EB%8C%80-%EB%8D%94-%ED%94%84%EB%A1%9C%EA%B7%B8%EB%A0%88%EC%8B%9C%EB%B8%8C-%EB%8C%80%EC%A0%84-%EC%98%A4%ED%94%88","2026-04-17T16:19:32+09:00",,
"https://kr.sidiz.com/blogs/news/ai-%EC%8B%9C%EB%8C%80-%EC%9D%BC%EC%9E%98%EB%9F%AC-%EB%A1%9C-%EC%82%B4%EC%95%84%EB%82%A8%EA%B8%B0-%EC%97%85%EB%AC%B4-%ED%9A%A8%EC%9C%A8%EA%B3%BC-%EC%83%9D%EC%82%B0%EC%84%B1-%EB%86%92%EC%9D%B4%EB%8A%94-%EC%98%A4%ED%94%BC%EC%8A%A4-%EA%B8%B0%EC%96%B4-%EC%A3%BC%EB%AA%A9","blogs/news/ai-%EC%8B%9C%EB%8C%80-%EC%9D%BC%EC%9E%98%EB%9F%AC-%EB%A1%9C-%EC%82%B4%EC%95%84%EB%82%A8%EA%B8%B0-%EC%97%85%EB%AC%B4-%ED%9A%A8%EC%9C%A8%EA%B3%BC-%EC%83%9D%EC%82%B0%EC%84%B1-%EB%86%92%EC%9D%B4%EB%8A%94-%EC%98%A4%ED%94%BC%EC%8A%A4-%EA%B8%B0%EC%96%B4-%EC%A3%BC%EB%AA%A9","2026-04-17T16:19:32+09:00",,
"https://kr.sidiz.com/blogs/news/%EC%8B%9C%EB%94%94%EC%A6%88-%EB%B6%80%EC%82%B0%EC%97%90-%EC%B5%9C%EC%A0%81%EC%9D%98-%EC%95%89%EB%8A%94-%EA%B2%BD%ED%97%98-%EC%84%A0%EC%82%AC%ED%95%98%EB%8A%94-%EB%8D%94-%ED%94%84%EB%A1%9C%EA%B7%B8%EB%A0%88%EC%8B%9C%EB%B8%8C-%EC%84%BC%ED%85%80-%EC%98%A4%ED%94%88","blogs/news/%EC%8B%9C%EB%94%94%EC%A6%88-%EB%B6%80%EC%82%B0%EC%97%90-%EC%B5%9C%EC%A0%81%EC%9D%98-%EC%95%89%EB%8A%94-%EA%B2%BD%ED%97%98-%EC%84%A0%EC%82%AC%ED%95%98%EB%8A%94-%EB%8D%94-%ED%94%84%EB%A1%9C%EA%B7%B8%EB%A0%88%EC%8B%9C%EB%B8%8C-%EC%84%BC%ED%85%80-%EC%98%A4%ED%94%88","2026-04-17T16:19:33+09:00",,
"https://kr.sidiz.com/blogs/news/%EC%8B%9C%EB%94%94%EC%A6%88-%EC%9D%98%EC%9E%90-%EC%9C%84-%EB%8B%A4%EC%96%91%ED%95%9C-%ED%96%89%EB%8F%99-%EC%A7%80%EC%9B%90%ED%95%98%EB%8A%94-%ED%8D%BC%ED%8F%AC%EB%A8%BC%EC%8A%A4-%EC%9D%98%EC%9E%90-t90-%EC%B6%9C%EC%8B%9C","blogs/news/%EC%8B%9C%EB%94%94%EC%A6%88-%EC%9D%98%EC%9E%90-%EC%9C%84-%EB%8B%A4%EC%96%91%ED%95%9C-%ED%96%89%EB%8F%99-%EC%A7%80%EC%9B%90%ED%95%98%EB%8A%94-%ED%8D%BC%ED%8F%AC%EB%A8%BC%EC%8A%A4-%EC%9D%98%EC%9E%90-t90-%EC%B6%9C%EC%8B%9C","2026-04-17T16:19:40+09:00",,
"https://kr.sidiz.com/blogs/news/%EC%8B%9C%EB%94%94%EC%A6%88-%EB%8D%94-%ED%94%84%EB%A1%9C%EA%B7%B8%EB%A0%88%EC%8B%9C%EB%B8%8C-%ED%95%A9%EC%A0%95-%EC%98%A4%ED%94%88","blogs/news/%EC%8B%9C%EB%94%94%EC%A6%88-%EB%8D%94-%ED%94%84%EB%A1%9C%EA%B7%B8%EB%A0%88%EC%8B%9C%EB%B8%8C-%ED%95%A9%EC%A0%95-%EC%98%A4%ED%94%88","2026-04-17T16:19:33+09:00",,
"https://kr.sidiz.com/blogs/news/new-%ED%95%98%EC%9D%B4%EC%97%94%EB%93%9C-%EC%9D%98%EC%9E%90-t90-%EB%A7%A4%EC%9E%A5-%EB%8B%A8%EB%8F%85-%ED%94%84%EB%A6%AC%EB%A1%A0%EC%B9%AD","blogs/news/new-%ED%95%98%EC%9D%B4%EC%97%94%EB%93%9C-%EC%9D%98%EC%9E%90-t90-%EB%A7%A4%EC%9E%A5-%EB%8B%A8%EB%8F%85-%ED%94%84%EB%A6%AC%EB%A1%A0%EC%B9%AD","2026-04-17T16:19:33+09:00",,
"https://kr.sidiz.com/blogs/news/sidiz-on-chair-%ED%81%B4%EB%9E%98%EC%8A%A4-%EB%A1%A0%EC%B9%AD","blogs/news/sidiz-on-chair-%ED%81%B4%EB%9E%98%EC%8A%A4-%EB%A1%A0%EC%B9%AD","2026-04-17T16:19:33+09:00",,
"https://kr.sidiz.com/blogs/news/%EC%8B%9C%EB%94%94%EC%A6%88-%ED%94%8C%EB%9E%98%EA%B7%B8%EC%8B%AD-%EC%8A%A4%ED%86%A0%EC%96%B4-%EB%85%BC%ED%98%84-x-%EC%B1%85%EB%B0%94","blogs/news/%EC%8B%9C%EB%94%94%EC%A6%88-%ED%94%8C%EB%9E%98%EA%B7%B8%EC%8B%AD-%EC%8A%A4%ED%86%A0%EC%96%B4-%EB%85%BC%ED%98%84-x-%EC%B1%85%EB%B0%94","2026-04-17T16:19:33+09:00",,
"https://kr.sidiz.com/blogs/news/%EC%8B%9C%EB%94%94%EC%A6%88-%ED%94%8C%EB%9E%98%EA%B7%B8%EC%8B%AD-%EC%8A%A4%ED%86%A0%EC%96%B4-%EB%85%BC%ED%98%84-%EC%98%A4%ED%94%88","blogs/news/%EC%8B%9C%EB%94%94%EC%A6%88-%ED%94%8C%EB%9E%98%EA%B7%B8%EC%8B%AD-%EC%8A%A4%ED%86%A0%EC%96%B4-%EB%85%BC%ED%98%84-%EC%98%A4%ED%94%88","2026-04-17T16:19:33+09:00",,
"https://kr.sidiz.com/blogs/news/%EC%8B%9C%EB%94%94%EC%A6%88-%EB%B6%80%EB%AA%A8%EC%99%80-%EC%95%84%EC%9D%B4%EC%9D%98-%EB%B0%B0%EC%9B%80-%EC%9C%84%ED%95%9C-%EC%BB%A8%ED%8D%BC%EB%9F%B0%EC%8A%A4-%EB%A6%AC%ED%8B%80-%EB%9F%AC%EB%84%88%EC%8A%A4-%EB%9E%A9-%EC%A7%84%ED%96%89","blogs/news/%EC%8B%9C%EB%94%94%EC%A6%88-%EB%B6%80%EB%AA%A8%EC%99%80-%EC%95%84%EC%9D%B4%EC%9D%98-%EB%B0%B0%EC%9B%80-%EC%9C%84%ED%95%9C-%EC%BB%A8%ED%8D%BC%EB%9F%B0%EC%8A%A4-%EB%A6%AC%ED%8B%80-%EB%9F%AC%EB%84%88%EC%8A%A4-%EB%9E%A9-%EC%A7%84%ED%96%89","2026-04-17T16:19:33+09:00",,
"https://kr.sidiz.com/blogs/news/%EC%8B%9C%EB%94%94%EC%A6%88-atti-2018-red-dot-design-award-%EC%88%98%EC%83%81","blogs/news/%EC%8B%9C%EB%94%94%EC%A6%88-atti-2018-red-dot-design-award-%EC%88%98%EC%83%81","2026-04-17T16:19:33+09:00",,
"https://kr.sidiz.com/blogs/news/%EC%8B%9C%EB%94%94%EC%A6%88-planc-if-design-award-%EC%88%98%EC%83%81","blogs/news/%EC%8B%9C%EB%94%94%EC%A6%88-planc-if-design-award-%EC%88%98%EC%83%81","2026-04-17T16:19:33+09:00",,
"https://kr.sidiz.com/blogs/news/%EC%8B%9C%EB%94%94%EC%A6%88-t40-fungus-japan-good-design-%EC%88%98%EC%83%81","blogs/news/%EC%8B%9C%EB%94%94%EC%A6%88-t40-fungus-japan-good-design-%EC%88%98%EC%83%81","2026-04-17T16:19:33+09:00",,
"https://kr.sidiz.com/blogs/news/%EC%8B%9C%EB%94%94%EC%A6%88-2017-%EB%8F%85%EC%9D%BC-if-%EB%94%94%EC%9E%90%EC%9D%B8-%EC%96%B4%EC%9B%8C%EB%93%9C-%EC%88%98%EC%83%81","blogs/news/%EC%8B%9C%EB%94%94%EC%A6%88-2017-%EB%8F%85%EC%9D%BC-if-%EB%94%94%EC%9E%90%EC%9D%B8-%EC%96%B4%EC%9B%8C%EB%93%9C-%EC%88%98%EC%83%81","2026-04-17T16:19:33+09:00",,
"https://kr.sidiz.com/blogs/news/%EC%8B%9C%EB%94%94%EC%A6%88-%EB%B2%A0%EC%9D%B4%EC%A7%95-%EB%94%94%EC%9E%90%EC%9D%B8%EC%9C%84%ED%81%AC-%EC%B0%B8%EA%B0%80","blogs/news/%EC%8B%9C%EB%94%94%EC%A6%88-%EB%B2%A0%EC%9D%B4%EC%A7%95-%EB%94%94%EC%9E%90%EC%9D%B8%EC%9C%84%ED%81%AC-%EC%B0%B8%EA%B0%80","2026-04-17T16:19:34+09:00",,
"https://kr.sidiz.com/blogs/news/kofurn-%EC%A0%84%EC%8B%9C%ED%9A%8C%EC%97%90%EC%84%9C-%EC%8B%9C%EB%94%94%EC%A6%88%EB%A5%BC-%EB%A7%8C%EB%82%98%EB%B3%B4%EC%84%B8%EC%9A%94","blogs/news/kofurn-%EC%A0%84%EC%8B%9C%ED%9A%8C%EC%97%90%EC%84%9C-%EC%8B%9C%EB%94%94%EC%A6%88%EB%A5%BC-%EB%A7%8C%EB%82%98%EB%B3%B4%EC%84%B8%EC%9A%94","2026-04-17T16:19:34+09:00",,
"https://kr.sidiz.com/blogs/news/%ED%8D%BC%EC%8B%9C%EC%8A%A4-%EA%B7%B8%EB%A3%B9-%EC%9B%94%EB%93%9C%ED%81%B4%EB%9E%98%EC%8A%A4-300-%EC%84%A0%EC%A0%95","blogs/news/%ED%8D%BC%EC%8B%9C%EC%8A%A4-%EA%B7%B8%EB%A3%B9-%EC%9B%94%EB%93%9C%ED%81%B4%EB%9E%98%EC%8A%A4-300-%EC%84%A0%EC%A0%95","2026-04-17T16:19:34+09:00",,
"https://kr.sidiz.com/blogs/news/%ED%8D%BC%EC%8B%9C%EC%8A%A4-%EA%B7%B8%EB%A3%B9-%EA%B8%80%EB%A1%9C%EB%B2%8C-%EC%83%9D%ED%99%9C%EB%AA%85%ED%92%88-%EC%84%A0%EC%A0%95","blogs/news/%ED%8D%BC%EC%8B%9C%EC%8A%A4-%EA%B7%B8%EB%A3%B9-%EA%B8%80%EB%A1%9C%EB%B2%8C-%EC%83%9D%ED%99%9C%EB%AA%85%ED%92%88-%EC%84%A0%EC%A0%95","2026-04-17T16:19:34+09:00",,
"https://kr.sidiz.com/blogs/news/%EC%B0%BD%EC%97%85-%EC%8A%A4%ED%86%A0%EB%A6%AC-%EA%B2%BD%EC%98%81%EC%B2%A0%ED%95%99-%EC%9D%B4%EC%95%BC%EA%B8%B0-by-%ED%8D%BC%EC%8B%9C%EC%8A%A4%EA%B7%B8%EB%A3%B9-%EC%86%90%EB%8F%99%EC%B0%BD-%ED%9A%8C%EC%9E%A5","blogs/news/%EC%B0%BD%EC%97%85-%EC%8A%A4%ED%86%A0%EB%A6%AC-%EA%B2%BD%EC%98%81%EC%B2%A0%ED%95%99-%EC%9D%B4%EC%95%BC%EA%B8%B0-by-%ED%8D%BC%EC%8B%9C%EC%8A%A4%EA%B7%B8%EB%A3%B9-%EC%86%90%EB%8F%99%EC%B0%BD-%ED%9A%8C%EC%9E%A5","2026-04-17T16:19:34+09:00",,
"https://kr.sidiz.com/blogs/news/%EC%8B%9C%EB%94%94%EC%A6%88-%EC%97%90%ED%94%BC%EC%96%B4%EC%9B%8C%EB%93%9C-%EC%BD%94%EB%A6%AC%EC%95%84-%EB%8C%80%EC%83%81-%EC%88%98%EC%83%81","blogs/news/%EC%8B%9C%EB%94%94%EC%A6%88-%EC%97%90%ED%94%BC%EC%96%B4%EC%9B%8C%EB%93%9C-%EC%BD%94%EB%A6%AC%EC%95%84-%EB%8C%80%EC%83%81-%EC%88%98%EC%83%81","2026-04-17T16:19:34+09:00",,
"https://kr.sidiz.com/blogs/news/%EC%A0%9C-43%ED%9A%8C-%EC%83%81%EA%B3%B5%EC%9D%98-%EB%82%A0-%EA%B8%88%ED%83%91%EC%82%B0%EC%97%85%ED%9B%88%EC%9E%A5-%EC%88%98%ED%9B%88","blogs/news/%EC%A0%9C-43%ED%9A%8C-%EC%83%81%EA%B3%B5%EC%9D%98-%EB%82%A0-%EA%B8%88%ED%83%91%EC%82%B0%EC%97%85%ED%9B%88%EC%9E%A5-%EC%88%98%ED%9B%88","2026-04-17T16:19:34+09:00",,
"https://kr.sidiz.com/blogs/news/%EC%8B%9C%EB%94%94%EC%A6%88-e50-good-design-%EA%B5%AD%EB%AC%B4%EC%B4%9D%EB%A6%AC%EC%83%81-%EC%88%98%EC%83%81","blogs/news/%EC%8B%9C%EB%94%94%EC%A6%88-e50-good-design-%EA%B5%AD%EB%AC%B4%EC%B4%9D%EB%A6%AC%EC%83%81-%EC%88%98%EC%83%81","2026-04-17T16:19:34+09:00",,
"https://kr.sidiz.com/blogs/news/%EC%8B%9C%EB%94%94%EC%A6%88-t25-japan-good-design-%EC%88%98%EC%83%81","blogs/news/%EC%8B%9C%EB%94%94%EC%A6%88-t25-japan-good-design-%EC%88%98%EC%83%81","2026-04-17T16:19:35+09:00",,
"https://kr.sidiz.com/blogs/news/%EC%8B%9C%EB%94%94%EC%A6%88-t80-2015-%EC%9D%B8%EA%B0%84%EA%B3%B5%ED%95%99%EB%94%94%EC%9E%90%EC%9D%B8%EC%83%81-best-of-best-%EC%88%98%EC%83%81","blogs/news/%EC%8B%9C%EB%94%94%EC%A6%88-t80-2015-%EC%9D%B8%EA%B0%84%EA%B3%B5%ED%95%99%EB%94%94%EC%9E%90%EC%9D%B8%EC%83%81-best-of-best-%EC%88%98%EC%83%81","2026-04-17T16:19:34+09:00",,
"https://kr.sidiz.com/blogs/news/%EB%A7%81%EA%B3%A0-japan-good-design-award-2014-%EC%88%98%EC%83%81","blogs/news/%EB%A7%81%EA%B3%A0-japan-good-design-award-2014-%EC%88%98%EC%83%81","2026-04-17T16:19:37+09:00",,
"https://kr.sidiz.com/blogs/news/%EC%8B%9C%EB%94%94%EC%A6%88-ibm-%EC%95%84%EC%9D%BC%EB%9E%9C%EB%93%9C-%EB%B2%95%EC%9D%B8%EC%97%90-t50-series-1300%EA%B0%9C-%EB%82%A9%ED%92%88","blogs/news/%EC%8B%9C%EB%94%94%EC%A6%88-ibm-%EC%95%84%EC%9D%BC%EB%9E%9C%EB%93%9C-%EB%B2%95%EC%9D%B8%EC%97%90-t50-series-1300%EA%B0%9C-%EB%82%A9%ED%92%88","2026-04-17T16:19:36+09:00",,
"https://kr.sidiz.com/blogs/news/%EC%8B%9C%EB%94%94%EC%A6%88-t50-%EB%A8%B8%EB%8B%88%ED%88%AC%EB%8D%B0%EC%9D%B4-2014-%EC%83%81%EB%B0%98%EA%B8%B0-%EB%B2%A0%EC%8A%A4%ED%8A%B8%EC%83%81%ED%92%88-%EC%84%A0%EC%A0%95","blogs/news/%EC%8B%9C%EB%94%94%EC%A6%88-t50-%EB%A8%B8%EB%8B%88%ED%88%AC%EB%8D%B0%EC%9D%B4-2014-%EC%83%81%EB%B0%98%EA%B8%B0-%EB%B2%A0%EC%8A%A4%ED%8A%B8%EC%83%81%ED%92%88-%EC%84%A0%EC%A0%95","2026-04-17T16:19:35+09:00",,
"https://kr.sidiz.com/blogs/news/%EC%98%81%EA%B5%AD-%EC%B6%95%EA%B5%AC-%EB%AA%85%EB%AC%B8%EA%B5%AC%EB%8B%A8-%EB%A7%A8%EC%9C%A0%EC%99%80-%ED%86%A0%ED%8A%B8%EB%84%98%EC%97%90%EC%84%9C-t50-%EC%82%AC%EC%9A%A9","blogs/news/%EC%98%81%EA%B5%AD-%EC%B6%95%EA%B5%AC-%EB%AA%85%EB%AC%B8%EA%B5%AC%EB%8B%A8-%EB%A7%A8%EC%9C%A0%EC%99%80-%ED%86%A0%ED%8A%B8%EB%84%98%EC%97%90%EC%84%9C-t50-%EC%82%AC%EC%9A%A9","2026-04-17T16:19:34+09:00",,
"https://kr.sidiz.com/blogs/news/%EC%8B%9C%EB%94%94%EC%A6%88-%EB%A7%81%EA%B3%A0-%EC%A1%B0%EC%84%A0%EC%9D%BC%EB%B3%B4-%EC%86%8C%EB%B9%84%EC%9E%90%EA%B0%80-%EB%BD%91%EC%9D%80-%EC%8B%A0%EB%A2%B0-%EB%B8%8C%EB%9E%9C%EB%93%9C-%EB%8C%80%EC%83%81-%EC%88%98%EC%83%81","blogs/news/%EC%8B%9C%EB%94%94%EC%A6%88-%EB%A7%81%EA%B3%A0-%EC%A1%B0%EC%84%A0%EC%9D%BC%EB%B3%B4-%EC%86%8C%EB%B9%84%EC%9E%90%EA%B0%80-%EB%BD%91%EC%9D%80-%EC%8B%A0%EB%A2%B0-%EB%B8%8C%EB%9E%9C%EB%93%9C-%EB%8C%80%EC%83%81-%EC%88%98%EC%83%81","2026-04-17T16:19:35+09:00",,
"https://kr.sidiz.com/blogs/news/%EC%8B%9C%EB%94%94%EC%A6%88-t50-%EC%A4%91%EC%95%99%EC%9D%BC%EB%B3%B4-%EB%93%B1-%EC%A3%BC%EC%9A%94%EC%96%B8%EB%A1%A0%EC%82%AC-%EC%84%A0%EC%A0%95-2013-%EC%86%8C%EB%B9%84%EC%9E%90-%EB%8C%80%EC%83%81-3%EA%B4%80%EC%99%95","blogs/news/%EC%8B%9C%EB%94%94%EC%A6%88-t50-%EC%A4%91%EC%95%99%EC%9D%BC%EB%B3%B4-%EB%93%B1-%EC%A3%BC%EC%9A%94%EC%96%B8%EB%A1%A0%EC%82%AC-%EC%84%A0%EC%A0%95-2013-%EC%86%8C%EB%B9%84%EC%9E%90-%EB%8C%80%EC%83%81-3%EA%B4%80%EC%99%95","2026-04-17T16:19:35+09:00",,
"https://kr.sidiz.com/blogs/news/new-%EB%B3%B8%EC%A7%88%EC%97%90-%EC%A7%91%EC%A4%91-%EC%8A%88%ED%8D%BC%EB%85%B8%EB%A9%80-%EC%9D%98%EC%9E%90-t20-%EB%A7%A4%EC%9E%A5-%EB%8B%A8%EB%8F%85-%ED%94%84%EB%A6%AC%EB%A1%A0%EC%B9%AD","blogs/news/new-%EB%B3%B8%EC%A7%88%EC%97%90-%EC%A7%91%EC%A4%91-%EC%8A%88%ED%8D%BC%EB%85%B8%EB%A9%80-%EC%9D%98%EC%9E%90-t20-%EB%A7%A4%EC%9E%A5-%EB%8B%A8%EB%8F%85-%ED%94%84%EB%A6%AC%EB%A1%A0%EC%B9%AD","2026-04-17T16:19:41+09:00",,
"https://kr.sidiz.com/blogs/news/new-%EB%B0%94%EB%A5%B8%EC%9E%90%EC%84%B8-%EC%8A%B5%EA%B4%80-ringo-%EB%A7%A4%EC%9E%A5-%EB%8B%A8%EB%8F%85-%ED%94%84%EB%A6%AC%EB%A1%A0%EC%B9%AD","blogs/news/new-%EB%B0%94%EB%A5%B8%EC%9E%90%EC%84%B8-%EC%8A%B5%EA%B4%80-ringo-%EB%A7%A4%EC%9E%A5-%EB%8B%A8%EB%8F%85-%ED%94%84%EB%A6%AC%EB%A1%A0%EC%B9%AD","2026-04-17T16:19:35+09:00",,
"https://kr.sidiz.com/blogs/s-culture/%EC%9E%90%EA%B8%B0%EB%8B%A4%EC%9B%80%EC%9D%84-%EC%B0%BE%EC%95%84%EA%B0%80%EB%8A%94-%EC%82%AC%EB%9E%8C%EB%93%A4%EC%9D%98-%EC%BB%A4%EB%AE%A4%EB%8B%88%ED%8B%B0","blogs/s-culture/%EC%9E%90%EA%B8%B0%EB%8B%A4%EC%9B%80%EC%9D%84-%EC%B0%BE%EC%95%84%EA%B0%80%EB%8A%94-%EC%82%AC%EB%9E%8C%EB%93%A4%EC%9D%98-%EC%BB%A4%EB%AE%A4%EB%8B%88%ED%8B%B0","2026-04-17T16:19:35+09:00","자기다움을 찾아가는 사람들의 커뮤니티를 오픈합니다","https://cdn.shopify.com/s/files/1/0865/4408/9378/articles/TPC-1-recruit-00_520x500_520x500_520x500_7d66fec2-8bae-4c26-91fb-20c85ca7bc48.png?v=1745892812"
"https://kr.sidiz.com/blogs/news/2025-firstbrand-kor","blogs/news/2025-firstbrand-kor","2026-04-17T16:19:35+09:00",,
"https://kr.sidiz.com/blogs/s-culture/%EB%9C%A8%EA%B1%B0%EC%9B%A0%EB%8D%98-tpc-1%EA%B8%B0-%ED%98%84%EC%9E%A5%EC%9D%84-%EC%86%8C%EA%B0%9C%ED%95%A9%EB%8B%88%EB%8B%A4","blogs/s-culture/%EB%9C%A8%EA%B1%B0%EC%9B%A0%EB%8D%98-tpc-1%EA%B8%B0-%ED%98%84%EC%9E%A5%EC%9D%84-%EC%86%8C%EA%B0%9C%ED%95%A9%EB%8B%88%EB%8B%A4","2026-04-20T11:23:47+09:00","더 프로그레시브 클럽 1기 현장 스케치","https://cdn.shopify.com/s/files/1/0865/4408/9378/articles/TPC-1-sketch-00_520x500_246183d6-2909-4581-b992-987e245b0359-1776651811.png?v=1776651827"
"https://kr.sidiz.com/blogs/s-culture/%EC%95%84%EB%A1%9C%EB%A7%88%ED%85%8C%EB%9D%BC%ED%94%BC-%EC%98%AC%ED%8C%A9%EC%85%98-%ED%81%B4%EB%9E%98%EC%8A%A4-%EB%AA%A8%EC%A7%91","blogs/s-culture/%EC%95%84%EB%A1%9C%EB%A7%88%ED%85%8C%EB%9D%BC%ED%94%BC-%EC%98%AC%ED%8C%A9%EC%85%98-%ED%81%B4%EB%9E%98%EC%8A%A4-%EB%AA%A8%EC%A7%91","2026-04-20T11:23:52+09:00","아로마테라피 올팩션 클래스 모집","https://cdn.shopify.com/s/files/1/0865/4408/9378/articles/s-culture-class-aroma2408-00_520x500_520x500_520x500_520x500_520x500_19374acf-87e7-49a1-a79d-e84392fb6d97-1776651819.png?v=1776651832"
"https://kr.sidiz.com/blogs/news/%EC%A0%9C%ED%92%88%EB%B6%80%ED%84%B0-%ED%8C%9D%EC%97%85%EC%8A%A4%ED%86%A0%EC%96%B4%EA%B9%8C%EC%A7%80-%EB%8C%80%ED%95%9C%EB%AF%BC%EA%B5%AD-e%EC%8A%A4%ED%8F%AC%EC%B8%A0-%EC%8B%9C%EC%9E%A5%EC%9D%80-%EC%BB%AC%EB%9E%98%EB%B2%84%EB%A0%88%EC%9D%B4%EC%85%98-%EC%97%B4%ED%92%8D","blogs/news/%EC%A0%9C%ED%92%88%EB%B6%80%ED%84%B0-%ED%8C%9D%EC%97%85%EC%8A%A4%ED%86%A0%EC%96%B4%EA%B9%8C%EC%A7%80-%EB%8C%80%ED%95%9C%EB%AF%BC%EA%B5%AD-e%EC%8A%A4%ED%8F%AC%EC%B8%A0-%EC%8B%9C%EC%9E%A5%EC%9D%80-%EC%BB%AC%EB%9E%98%EB%B2%84%EB%A0%88%EC%9D%B4%EC%85%98-%EC%97%B4%ED%92%8D","2026-04-17T16:19:36+09:00",,
"https://kr.sidiz.com/blogs/%EA%B0%9C%EC%9D%B8%EC%A0%95%EB%B3%B4-%EC%88%98%EC%A7%91-%EB%B0%8F-%EC%9D%B4%EC%9A%A9-%EB%8F%99%EC%9D%98/2023-11-15","blogs/%EA%B0%9C%EC%9D%B8%EC%A0%95%EB%B3%B4-%EC%88%98%EC%A7%91-%EB%B0%8F-%EC%9D%B4%EC%9A%A9-%EB%8F%99%EC%9D%98/2023-11-15","2026-04-17T16:19:38+09:00",,
"https://kr.sidiz.com/blogs/%EA%B0%9C%EC%9D%B8%EC%A0%95%EB%B3%B4-%EC%88%98%EC%A7%91-%EB%B0%8F-%EC%9D%B4%EC%9A%A9-%EB%8F%99%EC%9D%98/2025-01-13","blogs/%EA%B0%9C%EC%9D%B8%EC%A0%95%EB%B3%B4-%EC%88%98%EC%A7%91-%EB%B0%8F-%EC%9D%B4%EC%9A%A9-%EB%8F%99%EC%9D%98/2025-01-13","2026-04-17T16:19:39+09:00",,
"https://kr.sidiz.com/blogs/%EC%8B%9C%EB%94%94%EC%A6%88-%EC%87%BC%ED%95%91%EB%AA%B0-%EC%9D%B4%EC%9A%A9%EC%95%BD%EA%B4%80/2025-01-20","blogs/%EC%8B%9C%EB%94%94%EC%A6%88-%EC%87%BC%ED%95%91%EB%AA%B0-%EC%9D%B4%EC%9A%A9%EC%95%BD%EA%B4%80/2025-01-20","2026-04-17T16:19:39+09:00",,
"https://kr.sidiz.com/blogs/%EB%A7%88%EC%BC%80%ED%8C%85-%EC%88%98%EC%8B%A0-%EB%8F%99%EC%9D%98/2025-01-13","blogs/%EB%A7%88%EC%BC%80%ED%8C%85-%EC%88%98%EC%8B%A0-%EB%8F%99%EC%9D%98/2025-01-13","2026-04-17T16:19:38+09:00",,
"https://kr.sidiz.com/blogs/%EA%B0%9C%EC%9D%B8%EC%A0%95%EB%B3%B4-%EC%88%98%EC%A7%91-%EB%B0%8F-%EC%9D%B4%EC%9A%A9-%EB%8F%99%EC%9D%98/2023-07-13","blogs/%EA%B0%9C%EC%9D%B8%EC%A0%95%EB%B3%B4-%EC%88%98%EC%A7%91-%EB%B0%8F-%EC%9D%B4%EC%9A%A9-%EB%8F%99%EC%9D%98/2023-07-13","2026-04-17T16:19:41+09:00",,
"https://kr.sidiz.com/blogs/%EA%B0%9C%EC%9D%B8%EC%A0%95%EB%B3%B4-%EC%88%98%EC%A7%91-%EB%B0%8F-%EC%9D%B4%EC%9A%A9-%EB%8F%99%EC%9D%98/2023-06-13","blogs/%EA%B0%9C%EC%9D%B8%EC%A0%95%EB%B3%B4-%EC%88%98%EC%A7%91-%EB%B0%8F-%EC%9D%B4%EC%9A%A9-%EB%8F%99%EC%9D%98/2023-06-13","2026-04-17T16:19:39+09:00",,
"https://kr.sidiz.com/blogs/%EA%B0%9C%EC%9D%B8%EC%A0%95%EB%B3%B4-%EC%88%98%EC%A7%91-%EB%B0%8F-%EC%9D%B4%EC%9A%A9-%EB%8F%99%EC%9D%98/2022-01-14","blogs/%EA%B0%9C%EC%9D%B8%EC%A0%95%EB%B3%B4-%EC%88%98%EC%A7%91-%EB%B0%8F-%EC%9D%B4%EC%9A%A9-%EB%8F%99%EC%9D%98/2022-01-14","2026-04-17T16:19:39+09:00",,
"https://kr.sidiz.com/blogs/%EA%B0%9C%EC%9D%B8%EC%A0%95%EB%B3%B4-%EC%88%98%EC%A7%91-%EB%B0%8F-%EC%9D%B4%EC%9A%A9-%EB%8F%99%EC%9D%98/2021-03-23","blogs/%EA%B0%9C%EC%9D%B8%EC%A0%95%EB%B3%B4-%EC%88%98%EC%A7%91-%EB%B0%8F-%EC%9D%B4%EC%9A%A9-%EB%8F%99%EC%9D%98/2021-03-23","2026-04-17T16:19:40+09:00",,
"https://kr.sidiz.com/blogs/%EA%B0%9C%EC%9D%B8%EC%A0%95%EB%B3%B4-%EC%88%98%EC%A7%91-%EB%B0%8F-%EC%9D%B4%EC%9A%A9-%EB%8F%99%EC%9D%98/2020-11-06","blogs/%EA%B0%9C%EC%9D%B8%EC%A0%95%EB%B3%B4-%EC%88%98%EC%A7%91-%EB%B0%8F-%EC%9D%B4%EC%9A%A9-%EB%8F%99%EC%9D%98/2020-11-06","2026-04-17T16:19:39+09:00",,
"https://kr.sidiz.com/blogs/%EA%B0%9C%EC%9D%B8%EC%A0%95%EB%B3%B4-%EC%88%98%EC%A7%91-%EB%B0%8F-%EC%9D%B4%EC%9A%A9-%EB%8F%99%EC%9D%98/2019-10-18","blogs/%EA%B0%9C%EC%9D%B8%EC%A0%95%EB%B3%B4-%EC%88%98%EC%A7%91-%EB%B0%8F-%EC%9D%B4%EC%9A%A9-%EB%8F%99%EC%9D%98/2019-10-18","2026-04-17T16:19:40+09:00",,
"https://kr.sidiz.com/blogs/%EA%B0%9C%EC%9D%B8%EC%A0%95%EB%B3%B4-%EC%88%98%EC%A7%91-%EB%B0%8F-%EC%9D%B4%EC%9A%A9-%EB%8F%99%EC%9D%98/2018-04-02","blogs/%EA%B0%9C%EC%9D%B8%EC%A0%95%EB%B3%B4-%EC%88%98%EC%A7%91-%EB%B0%8F-%EC%9D%B4%EC%9A%A9-%EB%8F%99%EC%9D%98/2018-04-02","2026-04-17T16:19:40+09:00",,
"https://kr.sidiz.com/blogs/%EA%B0%9C%EC%9D%B8%EC%A0%95%EB%B3%B4-%EC%88%98%EC%A7%91-%EB%B0%8F-%EC%9D%B4%EC%9A%A9-%EB%8F%99%EC%9D%98/2017-10-12","blogs/%EA%B0%9C%EC%9D%B8%EC%A0%95%EB%B3%B4-%EC%88%98%EC%A7%91-%EB%B0%8F-%EC%9D%B4%EC%9A%A9-%EB%8F%99%EC%9D%98/2017-10-12","2026-04-17T16:19:40+09:00",,
"https://kr.sidiz.com/blogs/%EA%B0%9C%EC%9D%B8%EC%A0%95%EB%B3%B4-%EC%88%98%EC%A7%91-%EB%B0%8F-%EC%9D%B4%EC%9A%A9-%EB%8F%99%EC%9D%98/2017-03-28","blogs/%EA%B0%9C%EC%9D%B8%EC%A0%95%EB%B3%B4-%EC%88%98%EC%A7%91-%EB%B0%8F-%EC%9D%B4%EC%9A%A9-%EB%8F%99%EC%9D%98/2017-03-28","2026-04-17T16:19:40+09:00",,
"https://kr.sidiz.com/blogs/%EA%B0%9C%EC%9D%B8%EC%A0%95%EB%B3%B4-%EC%88%98%EC%A7%91-%EB%B0%8F-%EC%9D%B4%EC%9A%A9-%EB%8F%99%EC%9D%98/2014-02-03","blogs/%EA%B0%9C%EC%9D%B8%EC%A0%95%EB%B3%B4-%EC%88%98%EC%A7%91-%EB%B0%8F-%EC%9D%B4%EC%9A%A9-%EB%8F%99%EC%9D%98/2014-02-03","2026-04-17T16:19:41+09:00",,
"https://kr.sidiz.com/blogs/%EA%B0%9C%EC%9D%B8%EC%A0%95%EB%B3%B4-%EC%88%98%EC%A7%91-%EB%B0%8F-%EC%9D%B4%EC%9A%A9-%EB%8F%99%EC%9D%98/2024-01-17","blogs/%EA%B0%9C%EC%9D%B8%EC%A0%95%EB%B3%B4-%EC%88%98%EC%A7%91-%EB%B0%8F-%EC%9D%B4%EC%9A%A9-%EB%8F%99%EC%9D%98/2024-01-17","2026-04-17T16:19:41+09:00",,
"https://kr.sidiz.com/blogs/%EA%B0%9C%EC%9D%B8%EC%A0%95%EB%B3%B4-%EC%88%98%EC%A7%91-%EB%B0%8F-%EC%9D%B4%EC%9A%A9-%EB%8F%99%EC%9D%98/2025-03-11","blogs/%EA%B0%9C%EC%9D%B8%EC%A0%95%EB%B3%B4-%EC%88%98%EC%A7%91-%EB%B0%8F-%EC%9D%B4%EC%9A%A9-%EB%8F%99%EC%9D%98/2025-03-11","2026-04-17T16:19:42+09:00",,
"https://kr.sidiz.com/blogs/news/2025-taxpayer-award","blogs/news/2025-taxpayer-award","2026-04-17T16:19:41+09:00",,
"https://kr.sidiz.com/blogs/news/3-naverplusstore-t20","blogs/news/3-naverplusstore-t20","2026-04-17T16:19:42+09:00",,
"https://kr.sidiz.com/blogs/%EC%9E%84%EC%A7%81%EC%9B%90-%ED%95%A0%EC%9D%B8/special","blogs/%EC%9E%84%EC%A7%81%EC%9B%90-%ED%95%A0%EC%9D%B8/special","2026-04-17T16:19:41+09:00",,
"https://kr.sidiz.com/blogs/%EC%8B%9C%EB%94%94%EC%A6%88-%EC%87%BC%ED%95%91%EB%AA%B0-%EC%9D%B4%EC%9A%A9%EC%95%BD%EA%B4%80/2024-02-03","blogs/%EC%8B%9C%EB%94%94%EC%A6%88-%EC%87%BC%ED%95%91%EB%AA%B0-%EC%9D%B4%EC%9A%A9%EC%95%BD%EA%B4%80/2024-02-03","2026-04-17T16:19:41+09:00",,
"https://kr.sidiz.com/blogs/%EC%8B%9C%EB%94%94%EC%A6%88-%EC%87%BC%ED%95%91%EB%AA%B0-%EC%9D%B4%EC%9A%A9%EC%95%BD%EA%B4%80/2020-11-05","blogs/%EC%8B%9C%EB%94%94%EC%A6%88-%EC%87%BC%ED%95%91%EB%AA%B0-%EC%9D%B4%EC%9A%A9%EC%95%BD%EA%B4%80/2020-11-05","2026-04-17T16:19:42+09:00",,
"https://kr.sidiz.com/blogs/%EC%8B%9C%EB%94%94%EC%A6%88-%EC%87%BC%ED%95%91%EB%AA%B0-%EC%9D%B4%EC%9A%A9%EC%95%BD%EA%B4%80/2021-03-23","blogs/%EC%8B%9C%EB%94%94%EC%A6%88-%EC%87%BC%ED%95%91%EB%AA%B0-%EC%9D%B4%EC%9A%A9%EC%95%BD%EA%B4%80/2021-03-23","2026-04-17T16:19:42+09:00",,
"https://kr.sidiz.com/blogs/%EC%8B%9C%EB%94%94%EC%A6%88-%EC%87%BC%ED%95%91%EB%AA%B0-%EC%9D%B4%EC%9A%A9%EC%95%BD%EA%B4%80/2023-11-15","blogs/%EC%8B%9C%EB%94%94%EC%A6%88-%EC%87%BC%ED%95%91%EB%AA%B0-%EC%9D%B4%EC%9A%A9%EC%95%BD%EA%B4%80/2023-11-15","2026-04-17T16:19:43+09:00",,
"https://kr.sidiz.com/blogs/ir%EC%9E%90%EB%A3%8C/%EC%A0%9C15%EA%B8%B0-%EC%97%B0%EA%B2%B0%EA%B0%90%EC%82%AC%EB%B3%B4%EA%B3%A0%EC%84%9C","blogs/ir%EC%9E%90%EB%A3%8C/%EC%A0%9C15%EA%B8%B0-%EC%97%B0%EA%B2%B0%EA%B0%90%EC%82%AC%EB%B3%B4%EA%B3%A0%EC%84%9C","2026-04-17T16:19:51+09:00",,
"https://kr.sidiz.com/blogs/ir%EC%9E%90%EB%A3%8C/%EC%A0%9C15%EA%B8%B0-%EB%B3%84%EB%8F%84%EA%B0%90%EC%82%AC%EB%B3%B4%EA%B3%A0%EC%84%9C","blogs/ir%EC%9E%90%EB%A3%8C/%EC%A0%9C15%EA%B8%B0-%EB%B3%84%EB%8F%84%EA%B0%90%EC%82%AC%EB%B3%B4%EA%B3%A0%EC%84%9C","2026-04-17T16:19:42+09:00",,
"https://kr.sidiz.com/blogs/ir%EC%9E%90%EB%A3%8C/%EC%A0%9C15%EA%B8%B0-%EC%82%AC%EC%97%85%EB%B3%B4%EA%B3%A0%EC%84%9C","blogs/ir%EC%9E%90%EB%A3%8C/%EC%A0%9C15%EA%B8%B0-%EC%82%AC%EC%97%85%EB%B3%B4%EA%B3%A0%EC%84%9C","2026-04-17T16:19:42+09:00",,
"https://kr.sidiz.com/blogs/ir%EC%9E%90%EB%A3%8C/%EC%A0%9C15%EA%B8%B0-%EA%B2%B0%EC%82%B0%EA%B3%B5%EA%B3%A0","blogs/ir%EC%9E%90%EB%A3%8C/%EC%A0%9C15%EA%B8%B0-%EA%B2%B0%EC%82%B0%EA%B3%B5%EA%B3%A0","2026-04-20T11:24:02+09:00","제15기 결산공고","https://cdn.shopify.com/s/files/1/0865/4408/9378/articles/15___1-1776651832.jpg?v=1776651842"
"https://kr.sidiz.com/blogs/s-culture/sidiz-thfc-viewing-party-apply","blogs/s-culture/sidiz-thfc-viewing-party-apply","2026-04-17T16:19:42+09:00","[THFC VS WHFC] WATCH PARTY","https://cdn.shopify.com/s/files/1/0865/4408/9378/articles/1_2fa369fa-5106-424d-8746-69273fb645cb.png?v=1763014878"
"https://kr.sidiz.com/blogs/news/t90-ifdesign-award","blogs/news/t90-ifdesign-award","2026-04-17T16:19:43+09:00",,
"https://kr.sidiz.com/blogs/news/trevo-reddot-award","blogs/news/trevo-reddot-award","2026-04-17T16:19:43+09:00",,
"https://kr.sidiz.com/blogs/ir%EC%9E%90%EB%A3%8C/2024%EB%85%84-%EC%A7%80%EC%86%8D%EA%B0%80%EB%8A%A5%EA%B2%BD%EC%98%81%EB%B3%B4%EA%B3%A0%EC%84%9C","blogs/ir%EC%9E%90%EB%A3%8C/2024%EB%85%84-%EC%A7%80%EC%86%8D%EA%B0%80%EB%8A%A5%EA%B2%BD%EC%98%81%EB%B3%B4%EA%B3%A0%EC%84%9C","2026-04-17T16:19:43+09:00",,
"https://kr.sidiz.com/blogs/s-culture/sidiz-thfc-viewing-party-apply2","blogs/s-culture/sidiz-thfc-viewing-party-apply2","2026-04-20T11:24:04+09:00","[THFC VS CPFC] WATCH PARTY","https://cdn.shopify.com/s/files/1/0865/4408/9378/articles/2505_THFC_WATCH_PARTY_SIDIZ_THUMBNAIL_DetailX_a3d2abf2-e754-494a-8fd5-d61729c89122-1776651836.jpg?v=1776651844"
"https://kr.sidiz.com/blogs/s-culture/sit-%EC%B2%B4%ED%97%98%EB%8B%A8-%EB%AA%A8%EC%A7%91","blogs/s-culture/sit-%EC%B2%B4%ED%97%98%EB%8B%A8-%EB%AA%A8%EC%A7%91","2026-04-20T11:24:27+09:00","SIT 챌린지 체험단 모집","https://cdn.shopify.com/s/files/1/0865/4408/9378/articles/1_1-1776651862.png?v=1776651867"
"https://kr.sidiz.com/blogs/s-culture/thfc-vs-mufc-watch-party","blogs/s-culture/thfc-vs-mufc-watch-party","2026-04-20T11:24:06+09:00","[유로파 결승] WATCH PARTY","https://cdn.shopify.com/s/files/1/0865/4408/9378/articles/796a2d4af0a1cd25ed4967f447e4da93-1776651842.jpg?v=1776651846"
"https://kr.sidiz.com/blogs/news/csr-dcamp-chairup","blogs/news/csr-dcamp-chairup","2026-04-17T16:19:43+09:00",,
"https://kr.sidiz.com/blogs/news/2025-sit-campaign","blogs/news/2025-sit-campaign","2026-04-17T16:19:45+09:00",,
"https://kr.sidiz.com/blogs/s-culture/2025-config-recap-party","blogs/s-culture/2025-config-recap-party","2026-04-17T16:19:43+09:00","2025 CONFIG RECAP PARTY","https://cdn.shopify.com/s/files/1/0865/4408/9378/articles/Poster_B_146cb672-5490-4896-a6ff-cbfa7aa89070.png?v=1750222844"
"https://kr.sidiz.com/blogs/s-culture/sit%EC%B1%8C%EB%A6%B0%EC%A7%80-%EC%9D%B4%EB%B2%A4%ED%8A%B8","blogs/s-culture/sit%EC%B1%8C%EB%A6%B0%EC%A7%80-%EC%9D%B4%EB%B2%A4%ED%8A%B8","2026-04-20T11:25:06+09:00","#SIT챌린지 이벤트","https://cdn.shopify.com/s/files/1/0865/4408/9378/articles/SIT_01_th-1776651901.png?v=1776651906"
"https://kr.sidiz.com/blogs/s-culture/%EB%8D%94-%ED%94%84%EB%A1%9C%EA%B7%B8%EB%A0%88%EC%8B%9C%EB%B8%8C-%ED%81%B4%EB%9F%BD-8%EA%B8%B0-%EB%AA%A8%EC%A7%91","blogs/s-culture/%EB%8D%94-%ED%94%84%EB%A1%9C%EA%B7%B8%EB%A0%88%EC%8B%9C%EB%B8%8C-%ED%81%B4%EB%9F%BD-8%EA%B8%B0-%EB%AA%A8%EC%A7%91","2026-04-17T16:19:44+09:00","더 프로그레시브 클럽 8기 모집","https://cdn.shopify.com/s/files/1/0865/4408/9378/articles/TPC_8b26ba6d-d18c-40a7-bd2e-4087717fb2cc.png?v=1758522461"
"https://kr.sidiz.com/blogs/s-culture/sittinglab-sitterjune","blogs/s-culture/sittinglab-sitterjune","2026-04-20T11:24:21+09:00","소설가 김중혁의 유연한 앉기","https://cdn.shopify.com/s/files/1/0865/4408/9378/articles/KS-9315ok-1776651857.jpg?v=1776651861"
"https://kr.sidiz.com/blogs/special-offers/tottenham_off_promotion","blogs/special-offers/tottenham_off_promotion","2026-04-20T11:24:16+09:00","시디즈 X 토트넘 홋스퍼 매장 단독 이벤트 당첨자 발표","https://cdn.shopify.com/s/files/1/0865/4408/9378/articles/4_6bce7e12-3e05-4fe4-9ffc-5b3c8e5a3117-1776651852.jpg?v=1776651856"
"https://kr.sidiz.com/blogs/news/2025-thfc-product-edition","blogs/news/2025-thfc-product-edition","2026-04-17T16:19:45+09:00",,
"https://kr.sidiz.com/blogs/s-culture/%ED%86%A0%ED%8A%B8%EB%84%98-%EC%97%90%EB%94%94%EC%85%98-%EC%B2%B4%ED%97%98%EB%8B%A8-%EB%AA%A8%EC%A7%91","blogs/s-culture/%ED%86%A0%ED%8A%B8%EB%84%98-%EC%97%90%EB%94%94%EC%85%98-%EC%B2%B4%ED%97%98%EB%8B%A8-%EB%AA%A8%EC%A7%91","2026-04-17T16:19:45+09:00","시디즈 X 토트넘 홋스퍼 에디션 체험단","https://cdn.shopify.com/s/files/1/0865/4408/9378/articles/SIDIZ_Portfolio_1X1_64d02ff0-13ae-4ce9-9276-f67af5e2f1b1.png?v=1758522458"
"https://kr.sidiz.com/blogs/s-culture/sittinglab-masterjune","blogs/s-culture/sittinglab-masterjune","2026-04-20T11:24:29+09:00","제프 웨버 인터뷰 : 움직이는 몸, 움직이는 의자","https://cdn.shopify.com/s/files/1/0865/4408/9378/articles/truth_beauty_0841bw-1776651865.jpg?v=1776651869"
"https://kr.sidiz.com/blogs/s-culture/sittinglab-inst","blogs/s-culture/sittinglab-inst","2026-04-20T11:24:58+09:00","의자 탐구 콘텐츠 시팅랩을 시작합니다","https://cdn.shopify.com/s/files/1/0865/4408/9378/articles/KakaoTalk_Photo_2025-06-30-15-56-41_003-1776651894.png?v=1776651898"
"https://kr.sidiz.com/blogs/special-offers/15-warranty","blogs/special-offers/15-warranty","2026-07-15T08:28:15+09:00","시디즈 15년 품질 보증 프리미엄 의자","https://cdn.shopify.com/s/files/1/0865/4408/9378/articles/15-1776651859_332138c1-6b16-4cc8-bb02-ec1282090bf1.jpg?v=1784071695"
"https://kr.sidiz.com/blogs/s-culture/investjuly","blogs/s-culture/investjuly","2026-04-17T16:19:46+09:00","틸트 메커니즘의 모든 것","https://cdn.shopify.com/s/files/1/0865/4408/9378/articles/T80_30_0-21_screenshot.png?v=1758522445"
"https://kr.sidiz.com/blogs/s-culture/julysolution","blogs/s-culture/julysolution","2026-04-20T11:24:43+09:00","몰입형 사용자를 위한 의자 선택 가이드","https://cdn.shopify.com/s/files/1/0865/4408/9378/articles/KS-9209ok_4eb47ad0-58b1-4a22-b885-0b61cdf15e9c-1776651878.jpg?v=1776651883"
"https://kr.sidiz.com/blogs/s-culture/asia-tour-watch-party","blogs/s-culture/asia-tour-watch-party","2026-04-20T11:24:47+09:00","[ASIA TOUR] WATCH PARTY","https://cdn.shopify.com/s/files/1/0865/4408/9378/articles/KV3-1776651884.jpg?v=1776651887"
"https://kr.sidiz.com/blogs/special-offers/multibuy_benefit","blogs/special-offers/multibuy_benefit","2026-07-15T08:28:40+09:00","시디즈 혜택 더하기, 최대 15% 할인","https://cdn.shopify.com/s/files/1/0865/4408/9378/articles/Special_offers____01-1776651871.jpg?v=1784071720"
"https://kr.sidiz.com/blogs/s-culture/sitteraugust","blogs/s-culture/sitteraugust","2026-04-20T11:25:01+09:00","프로게이머 김관우가 꿈꾸는 게이밍 체어","https://cdn.shopify.com/s/files/1/0865/4408/9378/articles/KakaoTalk_Photo_2025-08-05-10-46-39-1776651895.jpg?v=1776651901"
"https://kr.sidiz.com/blogs/s-culture/tea-clss-sidiz-teaf","blogs/s-culture/tea-clss-sidiz-teaf","2026-04-20T11:25:10+09:00","티 소믈리에와 함께하는 의자 위 피서 한잔","https://cdn.shopify.com/s/files/1/0865/4408/9378/articles/L1001521_1_1-1776651903.jpg?v=1776651910"
"https://kr.sidiz.com/blogs/s-culture/masteraugust","blogs/s-culture/masteraugust","2026-04-17T16:19:48+09:00","앨런 헷지 인터뷰 : 의자와 팔걸이의 인간공학","https://cdn.shopify.com/s/files/1/0865/4408/9378/articles/ChatGPT_Image_2025_8_22_10_05_12_31d83de2-fdf1-4249-91a2-8e2f93f61a56.png?v=1758522393"
"https://kr.sidiz.com/blogs/special-offers/%EB%82%98%EC%9D%98n%EB%B2%88%EC%A7%B8%EC%8B%9C%EB%94%94%EC%A6%88-%EB%A6%AC%EB%B7%B0-%EC%9D%B4%EB%B2%A4%ED%8A%B8-%EB%8B%B9%EC%B2%A8%EC%9E%90-%EB%B0%9C%ED%91%9C","blogs/special-offers/%EB%82%98%EC%9D%98n%EB%B2%88%EC%A7%B8%EC%8B%9C%EB%94%94%EC%A6%88-%EB%A6%AC%EB%B7%B0-%EC%9D%B4%EB%B2%A4%ED%8A%B8-%EB%8B%B9%EC%B2%A8%EC%9E%90-%EB%B0%9C%ED%91%9C","2026-04-20T11:25:02+09:00","#나의N번째시디즈 리뷰 이벤트 당첨자 발표","https://cdn.shopify.com/s/files/1/0865/4408/9378/articles/6__ALT2_ac80c994-0762-46ed-aaa4-510fd56a8779-1776651897.jpg?v=1776651902"
"https://kr.sidiz.com/blogs/s-culture/investigationsep","blogs/s-culture/investigationsep","2026-04-20T11:24:59+09:00","팔걸이의 모든 것","https://cdn.shopify.com/s/files/1/0865/4408/9378/articles/SIDIZ_2404128_T90_Still_Image_6368a64a-fa64-4b2c-83b2-1373e2ac9c1d-1776651894.jpg?v=1776651899"
"https://kr.sidiz.com/blogs/s-culture/t60-apply","blogs/s-culture/t60-apply","2026-04-20T11:26:49+09:00","시디즈 T60 / T60 AIR 신제품 체험단","https://cdn.shopify.com/s/files/1/0865/4408/9378/articles/250918_T60-_1_1_46f86adc-d6f8-43d6-a8fe-f123f8dce200-1776652003.png?v=1776652009"
"https://kr.sidiz.com/blogs/news/2025-new-egadaily","blogs/news/2025-new-egadaily","2026-04-20T11:25:14+09:00","시디즈, 감각적인 홈오피스 의자 ‘에가’·‘에가 데일리’ 제안","https://cdn.shopify.com/s/files/1/0865/4408/9378/articles/2_be0e1750-7598-4ceb-9df6-8ca8cd9deb95-1776651907.jpg?v=1776651914"
"https://kr.sidiz.com/blogs/s-culture/open-square-review-event","blogs/s-culture/open-square-review-event","2026-04-20T11:25:04+09:00","OPEN SQUARE 후기 이벤트","https://cdn.shopify.com/s/files/1/0865/4408/9378/articles/SIDIZ_SIT_KV_4X5_3_564715d5-b50a-490d-a4b6-8fc7c273a445-1776651898.jpg?v=1776651904"
"https://kr.sidiz.com/blogs/s-culture/solutionsep","blogs/s-culture/solutionsep","2026-04-20T11:26:06+09:00","온라인 게임 마니아를 위한 의자 선택 가이드","https://cdn.shopify.com/s/files/1/0865/4408/9378/articles/2025-09-30_5.25.07-1776651962.png?v=1776651966"
"https://kr.sidiz.com/blogs/special-offers/picnic-rental","blogs/special-offers/picnic-rental","2026-04-20T11:25:16+09:00","시디즈 피크닉 세트 무료 대여 서비스","https://cdn.shopify.com/s/files/1/0865/4408/9378/articles/17c1f4a5fa132ebd404734bee09f19c5-1776651907.jpg?v=1776651916"
"https://kr.sidiz.com/blogs/s-culture/sitteroct","blogs/s-culture/sitteroct","2026-04-20T11:25:21+09:00","정신의학자 오진승의 마음이 편한 의자","https://cdn.shopify.com/s/files/1/0865/4408/9378/articles/KS-9233ok_d7521653-f94b-422e-9b8f-f633a7ad205e-1776651915.jpg?v=1776651921"
"https://kr.sidiz.com/blogs/s-culture/masteroct","blogs/s-culture/masteroct","2026-04-17T16:19:52+09:00","샐리 어거스틴 인터뷰 : 앉음의 심리학","https://cdn.shopify.com/s/files/1/0865/4408/9378/articles/ChatGPT_Image_2025_10_29_11_47_18.png?v=1762327245"
"https://kr.sidiz.com/blogs/s-culture/little-learners-lab-2nd","blogs/s-culture/little-learners-lab-2nd","2026-04-20T11:25:52+09:00","시디즈 배움 컨퍼런스 신청하기","https://cdn.shopify.com/s/files/1/0865/4408/9378/articles/3x-1776651947.png?v=1776651952"
"https://kr.sidiz.com/blogs/s-culture/investigationnov","blogs/s-culture/investigationnov","2026-04-20T11:25:13+09:00","의자 소재의 모든 것","https://cdn.shopify.com/s/files/1/0865/4408/9378/articles/1_a6f8d341-9c54-4b82-aab0-bc85fe4c58f2-1776651906.jpg?v=1776651913"
"https://kr.sidiz.com/blogs/s-culture/sidiz-x-thfc-mascot-event","blogs/s-culture/sidiz-x-thfc-mascot-event","2026-04-17T16:19:53+09:00","SIDIZ X THFCㅣ마스코트 키즈 모집","https://cdn.shopify.com/s/files/1/0865/4408/9378/articles/MASCOT_thumnail_2.png?v=1763166883"
"https://kr.sidiz.com/blogs/%EA%B0%9C%EC%9D%B8%EC%A0%95%EB%B3%B4-%EC%88%98%EC%A7%91-%EB%B0%8F-%EC%9D%B4%EC%9A%A9-%EB%8F%99%EC%9D%98/2025-11-25","blogs/%EA%B0%9C%EC%9D%B8%EC%A0%95%EB%B3%B4-%EC%88%98%EC%A7%91-%EB%B0%8F-%EC%9D%B4%EC%9A%A9-%EB%8F%99%EC%9D%98/2025-11-25","2026-04-17T16:19:56+09:00",,
"https://kr.sidiz.com/blogs/special-offers/forkids","blogs/special-offers/forkids","2026-07-15T08:28:11+09:00","시디즈 학생 의자 추천 가이드와 특별 혜택","https://cdn.shopify.com/s/files/1/0865/4408/9378/articles/v1_2-1776651921_5d4c48bc-4713-48c7-8bf9-f74cccb2acbb.jpg?v=1784071691"
"https://kr.sidiz.com/blogs/s-culture/studynov","blogs/s-culture/studynov","2026-04-20T11:25:20+09:00","마음을 디자인하는 도구, 의자","https://cdn.shopify.com/s/files/1/0865/4408/9378/articles/03_03f499be-26fa-45e3-ab6f-33f0ca8b3350-1776651915.jpg?v=1776651920"
"https://kr.sidiz.com/blogs/news/%EC%8B%9C%EB%94%94%EC%A6%88-%EC%84%AC%EC%84%B8%ED%95%9C-%EC%A1%B0%EC%A0%88%EB%A1%9C-%EB%82%B4-%EB%AA%B8%EC%97%90-%EB%94%B1-%EB%A7%9E%EC%B6%B0%EC%A3%BC%EB%8A%94-%ED%8D%BC%EC%8A%A4%EB%84%90-%ED%94%BC%ED%8C%85-%EC%9D%98%EC%9E%90-t60-%EC%B6%9C%EC%8B%9C","blogs/news/%EC%8B%9C%EB%94%94%EC%A6%88-%EC%84%AC%EC%84%B8%ED%95%9C-%EC%A1%B0%EC%A0%88%EB%A1%9C-%EB%82%B4-%EB%AA%B8%EC%97%90-%EB%94%B1-%EB%A7%9E%EC%B6%B0%EC%A3%BC%EB%8A%94-%ED%8D%BC%EC%8A%A4%EB%84%90-%ED%94%BC%ED%8C%85-%EC%9D%98%EC%9E%90-t60-%EC%B6%9C%EC%8B%9C","2026-04-17T16:19:55+09:00",,
"https://kr.sidiz.com/blogs/news/%EC%8B%9C%EB%94%94%EC%A6%88-%EA%B8%B0%EB%8A%A5%EA%B3%BC-%EA%B0%90%EC%84%B1-%EB%AA%A8%EB%91%90-%EB%8B%B4%EC%9D%80-%EC%9D%98%EC%9E%90-t60-t90-%EC%9C%BC%EB%A1%9C-%EA%B0%80%EC%9D%84%EC%B2%A0-%EC%84%9C%EC%9E%AC-%EC%9D%B8%ED%85%8C%EB%A6%AC%EC%96%B4-%EC%99%84%EC%84%B1","blogs/news/%EC%8B%9C%EB%94%94%EC%A6%88-%EA%B8%B0%EB%8A%A5%EA%B3%BC-%EA%B0%90%EC%84%B1-%EB%AA%A8%EB%91%90-%EB%8B%B4%EC%9D%80-%EC%9D%98%EC%9E%90-t60-t90-%EC%9C%BC%EB%A1%9C-%EA%B0%80%EC%9D%84%EC%B2%A0-%EC%84%9C%EC%9E%AC-%EC%9D%B8%ED%85%8C%EB%A6%AC%EC%96%B4-%EC%99%84%EC%84%B1","2026-04-17T16:19:55+09:00",,
"https://kr.sidiz.com/blogs/news/%ED%8D%BC%EC%8B%9C%EC%8A%A4%EA%B7%B8%EB%A3%B9-%EC%9C%A0%EB%9F%BD-%EB%8C%80%ED%91%9C-%EC%82%AC%EB%AC%B4%EA%B0%80%EA%B5%AC-%EA%B8%B0%EC%97%85-%EB%A1%9C%EC%97%B4-%EC%95%84%EB%A0%8C%ED%8A%B8%EC%99%80-%EC%A0%84%EB%9E%B5-%EC%A0%9C%ED%9C%B4","blogs/news/%ED%8D%BC%EC%8B%9C%EC%8A%A4%EA%B7%B8%EB%A3%B9-%EC%9C%A0%EB%9F%BD-%EB%8C%80%ED%91%9C-%EC%82%AC%EB%AC%B4%EA%B0%80%EA%B5%AC-%EA%B8%B0%EC%97%85-%EB%A1%9C%EC%97%B4-%EC%95%84%EB%A0%8C%ED%8A%B8%EC%99%80-%EC%A0%84%EB%9E%B5-%EC%A0%9C%ED%9C%B4","2026-04-17T16:19:55+09:00",,
"https://kr.sidiz.com/blogs/news/%EC%8B%9C%EB%94%94%EC%A6%88-%EB%B0%B0%EC%9B%80-%EC%BB%A8%ED%8D%BC%EB%9F%B0%EC%8A%A4-%EB%A6%AC%ED%8B%80-%EB%9F%AC%EB%84%88%EC%8A%A4-%EB%9E%A9-%EB%B0%8F-%ED%86%A0%ED%8A%B8%EB%84%98-%ED%99%8B%EC%8A%A4%ED%8D%BC-%EB%A7%88%EC%8A%A4%EC%BD%94%ED%8A%B8-%ED%82%A4%EC%A6%88-%EC%84%A0%EC%A0%95-%EC%9D%B4%EB%B2%A4%ED%8A%B8-%EC%A7%84%ED%96%89","blogs/news/%EC%8B%9C%EB%94%94%EC%A6%88-%EB%B0%B0%EC%9B%80-%EC%BB%A8%ED%8D%BC%EB%9F%B0%EC%8A%A4-%EB%A6%AC%ED%8B%80-%EB%9F%AC%EB%84%88%EC%8A%A4-%EB%9E%A9-%EB%B0%8F-%ED%86%A0%ED%8A%B8%EB%84%98-%ED%99%8B%EC%8A%A4%ED%8D%BC-%EB%A7%88%EC%8A%A4%EC%BD%94%ED%8A%B8-%ED%82%A4%EC%A6%88-%EC%84%A0%EC%A0%95-%EC%9D%B4%EB%B2%A4%ED%8A%B8-%EC%A7%84%ED%96%89","2026-04-17T16:19:55+09:00",,
"https://kr.sidiz.com/blogs/s-culture/sitterdec","blogs/s-culture/sitterdec","2026-04-20T11:26:03+09:00","유튜버 마이린의 성장하는 의자","https://cdn.shopify.com/s/files/1/0865/4408/9378/articles/KS-6014ok-1776651958.jpg?v=1776651963"
"https://kr.sidiz.com/blogs/s-culture/investigationjan","blogs/s-culture/investigationjan","2026-04-20T11:25:58+09:00","아이들을 위한 의자의 인간공학","https://cdn.shopify.com/s/files/1/0865/4408/9378/articles/SIDIZ_210618___A__ringo_SNA500ACF___A444O_SNA500ACF____A441P_1_1106e9f6-4a54-4505-8e84-f8e2560ce25f-1776651953.jpg?v=1776651958"
"https://kr.sidiz.com/blogs/s-culture/s-culture-ringo-apply","blogs/s-culture/s-culture-ringo-apply","2026-04-20T11:25:37+09:00","시디즈 링고 2세대 체험단 모집 (~1/21)","https://cdn.shopify.com/s/files/1/0865/4408/9378/articles/KakaoTalk_20250120_001205147_14_673baadc-c207-4a2c-9c4e-367f4539b83c-1776651933.jpg?v=1776651937"
"https://kr.sidiz.com/blogs/news/%EC%8B%9C%EB%94%94%EC%A6%88-%EC%A0%9C2%ED%9A%8C-%EB%A6%AC%ED%8B%80-%EB%9F%AC%EB%84%88%EC%8A%A4-%EB%9E%A9-%EC%84%B1%EB%A3%8C-%EB%B0%8F-%EC%8B%A0%ED%95%99%EA%B8%B0-%EB%AF%B8%EB%A6%AC%EC%A4%80%EB%B9%84-%ED%94%84%EB%A1%9C%EB%AA%A8%EC%85%98-%EC%A7%84%ED%96%89","blogs/news/%EC%8B%9C%EB%94%94%EC%A6%88-%EC%A0%9C2%ED%9A%8C-%EB%A6%AC%ED%8B%80-%EB%9F%AC%EB%84%88%EC%8A%A4-%EB%9E%A9-%EC%84%B1%EB%A3%8C-%EB%B0%8F-%EC%8B%A0%ED%95%99%EA%B8%B0-%EB%AF%B8%EB%A6%AC%EC%A4%80%EB%B9%84-%ED%94%84%EB%A1%9C%EB%AA%A8%EC%85%98-%EC%A7%84%ED%96%89","2026-04-17T16:19:57+09:00",,
"https://kr.sidiz.com/blogs/news/%EC%8B%9C%EB%94%94%EC%A6%88-t90-%EC%B2%9C%EC%97%B0%EA%B0%80%EC%A3%BD-%EB%A6%AC%EB%AF%B8%ED%8B%B0%EB%93%9C-%ED%8C%94%EB%A0%88%ED%8A%B8-%EC%97%90%EB%94%94%EC%85%98-%EC%B6%9C%EC%8B%9C-%EB%B0%8F-%EC%8B%A0%EB%85%84%EB%A7%9E%EC%9D%B4-%EC%9D%98%EC%9E%90-%EC%97%85%EA%B7%B8%EB%A0%88%EC%9D%B4%EB%93%9C-%ED%94%84%EB%A1%9C%EB%AA%A8%EC%85%98-%EC%A7%84%ED%96%89","blogs/news/%EC%8B%9C%EB%94%94%EC%A6%88-t90-%EC%B2%9C%EC%97%B0%EA%B0%80%EC%A3%BD-%EB%A6%AC%EB%AF%B8%ED%8B%B0%EB%93%9C-%ED%8C%94%EB%A0%88%ED%8A%B8-%EC%97%90%EB%94%94%EC%85%98-%EC%B6%9C%EC%8B%9C-%EB%B0%8F-%EC%8B%A0%EB%85%84%EB%A7%9E%EC%9D%B4-%EC%9D%98%EC%9E%90-%EC%97%85%EA%B7%B8%EB%A0%88%EC%9D%B4%EB%93%9C-%ED%94%84%EB%A1%9C%EB%AA%A8%EC%85%98-%EC%A7%84%ED%96%89","2026-04-17T16:19:58+09:00",,
"https://kr.sidiz.com/blogs/news/t60-10k","blogs/news/t60-10k","2026-04-17T16:19:57+09:00",,
"https://kr.sidiz.com/blogs/news/%EC%8B%9C%EB%94%94%EC%A6%88-%EC%A7%80%EC%86%8D%EA%B0%80%EB%8A%A5%ED%95%9C-%EA%B0%80%EC%B9%98-%EC%8B%A4%ED%98%84%ED%95%98%EB%8A%94-%EB%A6%AC%EB%9D%BC%EC%9D%B4%ED%94%84relife-%EB%A1%A0%EC%B9%AD","blogs/news/%EC%8B%9C%EB%94%94%EC%A6%88-%EC%A7%80%EC%86%8D%EA%B0%80%EB%8A%A5%ED%95%9C-%EA%B0%80%EC%B9%98-%EC%8B%A4%ED%98%84%ED%95%98%EB%8A%94-%EB%A6%AC%EB%9D%BC%EC%9D%B4%ED%94%84relife-%EB%A1%A0%EC%B9%AD","2026-04-17T16:19:57+09:00",,
"https://kr.sidiz.com/blogs/s-culture/masterjan","blogs/s-culture/masterjan","2026-04-20T11:26:12+09:00","건축가 김승회 인터뷰 : 교육 공간과 의자","https://cdn.shopify.com/s/files/1/0865/4408/9378/articles/KS-7791ok-1776651968.jpg?v=1776651972"
"https://kr.sidiz.com/blogs/news/260120-muvve-launch","blogs/news/260120-muvve-launch","2026-04-17T16:20:08+09:00",,
"https://kr.sidiz.com/blogs/s-culture/muuvetrevo-apply","blogs/s-culture/muuvetrevo-apply","2026-04-17T16:19:59+09:00","시디즈 거실서재의자 세트 체험단 모집 (~2/1)","https://cdn.shopify.com/s/files/1/0865/4408/9378/articles/MUUVE_____MAIN2_1.png?v=1769073839"
"https://kr.sidiz.com/blogs/s-culture/specialjan","blogs/s-culture/specialjan","2026-04-20T11:26:02+09:00","거실 공부 의자 트레보(TREVO) 디자인 스토리","https://cdn.shopify.com/s/files/1/0865/4408/9378/articles/TREVO_02-0_e8ab966d-a5c2-4f2c-8e4e-451b34d524f9-1776651958.jpg?v=1776651962"
"https://kr.sidiz.com/blogs/s-culture/studyjan","blogs/s-culture/studyjan","2026-04-20T11:25:56+09:00","교육공학자가 말하는 좋은 앉음","https://cdn.shopify.com/s/files/1/0865/4408/9378/articles/KakaoTalk_Photo_2026-01-28-20-32-23_001_576bebce-8ab2-4092-abe1-5bdb82cef3f5-1776651952.jpg?v=1776651956"
"https://kr.sidiz.com/blogs/special-offers/sidiz_design_chair","blogs/special-offers/sidiz_design_chair","2026-07-15T08:28:07+09:00","시디즈에도 예쁜 의자 있다.","https://cdn.shopify.com/s/files/1/0865/4408/9378/articles/2-1776651965_f33c28cc-133d-43a7-a089-42540a0f7b16.jpg?v=1784071687"
"https://kr.sidiz.com/blogs/s-culture/sitterfeb","blogs/s-culture/sitterfeb","2026-04-20T11:26:18+09:00","아티스트 노상호의 몰입과 휴식","https://cdn.shopify.com/s/files/1/0865/4408/9378/articles/KS-0748ok-1776651973.jpg?v=1776651978"
"https://kr.sidiz.com/blogs/s-culture/t60-lda-apply","blogs/s-culture/t60-lda-apply","2026-04-17T16:20:00+09:00","시디즈 T60 LDA 출시 기념 체험단 모집","https://cdn.shopify.com/s/files/1/0865/4408/9378/articles/260121_T60_LDA__1_1_ffe787a0-fcc5-4ac9-84c5-dca4e7af629b.png?v=1770886796"
"https://kr.sidiz.com/blogs/s-culture/t60-raffle-event","blogs/s-culture/t60-raffle-event","2026-04-17T16:20:00+09:00","T60 1만원 RAFFLE EVENT","https://cdn.shopify.com/s/files/1/0865/4408/9378/articles/T60_2.png?v=1772007785"
"https://kr.sidiz.com/blogs/special-offers/t60-raffle-event-off","blogs/special-offers/t60-raffle-event-off","2026-04-17T16:20:01+09:00","T60 1만원 RAFFLE EVENT","https://cdn.shopify.com/s/files/1/0865/4408/9378/articles/clip1771901661082.png?v=1771901980"
"https://kr.sidiz.com/blogs/news/260223-t90-15days","blogs/news/260223-t90-15days","2026-04-17T16:20:02+09:00",,
"https://kr.sidiz.com/blogs/news/260212-school-gifts","blogs/news/260212-school-gifts","2026-04-17T16:20:10+09:00",,
"https://kr.sidiz.com/blogs/s-culture/masterfeb","blogs/s-culture/masterfeb","2026-04-20T11:27:02+09:00","헤드레스트와 휴식의 인간공학, 피터 빙크 인터뷰","https://cdn.shopify.com/s/files/1/0865/4408/9378/articles/se20up_1-1776652017.jpg?v=1776652022"
"https://kr.sidiz.com/blogs/s-culture/specialfeb","blogs/s-culture/specialfeb","2026-04-20T11:27:03+09:00","새로운 삶, 새로운 집, 새로운 의자 : 소수건축사사무소 인터뷰","https://cdn.shopify.com/s/files/1/0865/4408/9378/articles/KS-5303ok-1776652017.jpg?v=1776652023"
"https://kr.sidiz.com/blogs/news/260309-plit-launch","blogs/news/260309-plit-launch","2026-04-17T16:20:03+09:00",,
"https://kr.sidiz.com/blogs/s-culture/investigationmarch","blogs/s-culture/investigationmarch","2026-04-20T11:26:45+09:00","헤드레스트의 모든 것","https://cdn.shopify.com/s/files/1/0865/4408/9378/articles/Img_16_9-1776652000.jpg?v=1776652005"
"https://kr.sidiz.com/blogs/s-culture/livingdining-apply","blogs/s-culture/livingdining-apply","2026-04-17T16:20:03+09:00","시디즈 식탁의자 체험단 모집 (~3/29)","https://cdn.shopify.com/s/files/1/0865/4408/9378/articles/1_101587f0-dc6b-466e-995c-ec1fe09f1ae4.png?v=1774000021"
"https://kr.sidiz.com/blogs/s-culture/specialmarch","blogs/s-culture/specialmarch","2026-04-20T11:26:53+09:00","의자의 일생 : 시디즈가 설계하는 지속가능한 순환","https://cdn.shopify.com/s/files/1/0865/4408/9378/articles/41daa69abe15f9152e05a5fb52f9dc84_97895c8a-f88f-4caa-93f1-fa5ffabc30f4-1776652009.jpg?v=1776652013"
"https://kr.sidiz.com/blogs/s-culture/studymarch","blogs/s-culture/studymarch","2026-04-17T16:20:04+09:00","의자와 쉼의 문화사","https://cdn.shopify.com/s/files/1/0865/4408/9378/articles/Gemini_Generated_Image_jn98e3jn98e3jn98.png?v=1775179611"
"https://kr.sidiz.com/blogs/news/260427-gx-renewal","blogs/news/260427-gx-renewal","2026-05-07T10:22:04+09:00",,
"https://kr.sidiz.com/blogs/service-faq-new/%EB%B9%84%ED%9A%8C%EC%9B%90%EB%8F%84-%EA%B5%AC%EB%A7%A4%ED%95%A0-%EC%88%98-%EC%9E%88%EB%82%98%EC%9A%94","blogs/service-faq-new/%EB%B9%84%ED%9A%8C%EC%9B%90%EB%8F%84-%EA%B5%AC%EB%A7%A4%ED%95%A0-%EC%88%98-%EC%9E%88%EB%82%98%EC%9A%94","2026-08-21T11:57:27+09:00",,
"https://kr.sidiz.com/blogs/s-culture/specialapril","blogs/s-culture/specialapril","2026-06-24T11:48:24+09:00","사랑하는 이들을 위한 의자 선물 모음","https://cdn.shopify.com/s/files/1/0865/4408/9378/articles/95a789fabc1c28b78e7c132586bcb665_9e946586-8c01-48b8-8396-89b15db71bc5.jpg?v=1782269304"
"https://kr.sidiz.com/blogs/s-culture/lmasterapril","blogs/s-culture/lmasterapril","2026-06-24T11:47:58+09:00","찰스 L. 마우로 인터뷰 : 게이밍 체어는 왜 중요한가?","https://cdn.shopify.com/s/files/1/0865/4408/9378/articles/Gemini_Generated_Image_63iik763iik763ii_a34427de-43f4-4334-a980-93cb3f182833.png?v=1782269278"
"https://kr.sidiz.com/blogs/special-offers/body_analysis","blogs/special-offers/body_analysis","2026-05-12T00:00:06+09:00","시디즈 체형 분석 LAB | 내 몸에 맞는 의자 찾기","https://cdn.shopify.com/s/files/1/0865/4408/9378/articles/LAB.jpg?v=1778228057"
"https://kr.sidiz.com/blogs/s-culture/muuve-luckydraw","blogs/s-culture/muuve-luckydraw","2026-05-20T14:33:46+09:00","뮤브 럭키드로우 이벤트","https://cdn.shopify.com/s/files/1/0865/4408/9378/articles/s-culture_2_a8671b76-6c69-4525-9b58-9e52ecf23d70.jpg?v=1779255226"
"https://kr.sidiz.com/blogs/s-culture/sittermay","blogs/s-culture/sittermay","2026-05-19T13:13:06+09:00","게임 스트리머 캡틴잭이 말하는 드림 체어","https://cdn.shopify.com/s/files/1/0865/4408/9378/articles/KS-7590.jpg?v=1779163986"
"https://kr.sidiz.com/blogs/s-culture/%EA%B2%8C%EC%9D%B4%EB%B0%8D-%EC%B2%B4%EC%96%B4%EC%9D%98-%EB%AA%A8%EB%93%A0-%EA%B2%83","blogs/s-culture/%EA%B2%8C%EC%9D%B4%EB%B0%8D-%EC%B2%B4%EC%96%B4%EC%9D%98-%EB%AA%A8%EB%93%A0-%EA%B2%83","2026-06-24T11:47:41+09:00","게이밍 체어의 모든 것","https://cdn.shopify.com/s/files/1/0865/4408/9378/articles/ChatGPT_Image_2026_5_27_04_15_30_4b7e2212-6e98-49bd-957f-92728432422b.png?v=1782269261"
"https://kr.sidiz.com/blogs/special-offers/t-t","blogs/special-offers/t-t","2026-06-30T09:27:11+09:00","타임특가 | 너 T야? 나 T시리즈야","https://cdn.shopify.com/s/files/1/0865/4408/9378/articles/6__T_b5e3ba46-1400-4506-a5b6-ba84d2bfd68d.jpg?v=1782779231"
"https://kr.sidiz.com/blogs/s-culture/specialmay","blogs/s-culture/specialmay","2026-06-24T11:47:11+09:00","의자 컬러로 완성하는 인테리어 공식","https://cdn.shopify.com/s/files/1/0865/4408/9378/articles/1_bfb55db3-b8fa-4b59-99f3-f003ef0c469e.png?v=1782269231"
"https://kr.sidiz.com/blogs/special-offers/cheer-up-korea","blogs/special-offers/cheer-up-korea","2026-06-26T08:43:15+09:00","[소진완료] 한국으로 빨리 돌아 OLLY 없지!","https://cdn.shopify.com/s/files/1/0865/4408/9378/articles/SNS_0625_a7567236-5b8c-4651-b2bc-521f2da30c06.jpg?v=1782430995"
"https://kr.sidiz.com/blogs/special-offers/t50-offline","blogs/special-offers/t50-offline","2026-06-24T08:29:52+09:00","T50 2세대 오프라인 선출시","https://cdn.shopify.com/s/files/1/0865/4408/9378/articles/T50_2_alt02__2_38bfb262-5eb1-4308-ba69-1c9a2550cfcf.jpg?v=1782257392"
"https://kr.sidiz.com/blogs/s-culture/solutionjune","blogs/s-culture/solutionjune","2026-06-23T09:36:06+09:00","게이밍 체어, 어떻게 선택하고 세팅할까?","https://cdn.shopify.com/s/files/1/0865/4408/9378/articles/KS-9050ok.jpg?v=1782174966"
"https://kr.sidiz.com/blogs/s-culture/specialjune","blogs/s-culture/specialjune","2026-06-26T15:57:27+09:00","의자는 어떻게 일하는 몸을 따라 진화했나","https://cdn.shopify.com/s/files/1/0865/4408/9378/articles/ChatGPT_Image_2026_6_22_10_13_27_cee20729-6462-4d79-9fff-4760890762e8.png?v=1782457047"
"https://kr.sidiz.com/blogs/s-culture/chairnotejune","blogs/s-culture/chairnotejune","2026-06-26T13:45:08+09:00","허리 건강을 지키는 의자의 조건, 무엇일까?","https://cdn.shopify.com/s/files/1/0865/4408/9378/articles/ChatGPT_Image_2026_6_24_02_09_20.png?v=1782449108"
"https://kr.sidiz.com/blogs/s-culture/chairnote02june","blogs/s-culture/chairnote02june","2026-06-26T13:45:19+09:00","어떤 럼버서포트가 내 허리에 맞을까?","https://cdn.shopify.com/s/files/1/0865/4408/9378/articles/1_5f85592d-bb75-4904-8b2d-76fd63bdc8a9.png?v=1782449119"
"https://kr.sidiz.com/blogs/contents/2026-posco","blogs/contents/2026-posco","2026-07-01T15:58:27+09:00","2026 포스코 임직원 프로모션","https://cdn.shopify.com/s/files/1/0865/4408/9378/articles/posco_890d9264-9faf-448f-bdbc-e5c983f63af9.jpg?v=1782889107"
"https://kr.sidiz.com/blogs/special-offers/t50challenge","blogs/special-offers/t50challenge","2026-08-10T09:42:50+09:00","T50 2세대 7일 챌린지","https://cdn.shopify.com/s/files/1/0865/4408/9378/articles/T50_7_d31c534e-f7dd-4cad-bc2a-7ddb50e7f2f7.jpg?v=1786322570"
"https://kr.sidiz.com/blogs/contents/t50-challenge-guide","blogs/contents/t50-challenge-guide","2026-07-04T13:26:09+09:00","T50 2세대 7일 챌린지 작성 가이드","https://cdn.shopify.com/s/files/1/0865/4408/9378/articles/T50_7__02_5.jpg?v=1783139169"
"https://kr.sidiz.com/blogs/storage/%ED%85%8C%EC%8A%A4%ED%8A%B8","blogs/storage/%ED%85%8C%EC%8A%A4%ED%8A%B8","2026-07-15T17:08:57+09:00",,
"https://kr.sidiz.com/blogs/special-offers/cool-with-sidiz","blogs/special-offers/cool-with-sidiz","2026-07-07T16:14:30+09:00","7월 프로모션","https://cdn.shopify.com/s/files/1/0865/4408/9378/articles/7_1_99c55504-b096-491b-8ab4-552f528ff28d.jpg?v=1783408470"
"https://kr.sidiz.com/blogs/s-culture/t50-2nd-review","blogs/s-culture/t50-2nd-review","2026-07-20T08:42:14+09:00","T50 1세대 VS 2세대 비교 체험단","https://cdn.shopify.com/s/files/1/0865/4408/9378/articles/Group_10000080501.png?v=1784504534"
"https://kr.sidiz.com/blogs/storage/8%EC%A3%BC%EC%B0%A8-%EC%9E%A5%EC%8B%9C%EA%B0%84-%EC%95%89%EC%95%84%EC%9E%88%EC%96%B4%EB%8F%84-%ED%94%BC%EB%A1%9C-%EC%97%86%EB%8A%94-%EB%B9%84%EB%B0%80-%EC%8B%9C%EB%94%94%EC%A6%88%EB%A7%8C%EC%9D%98-%EC%95%95%EB%A0%A5-%EB%B6%84%EC%82%B0-%EA%B8%B0%EC%88%A0%EA%B3%BC-%EA%B2%8C%EC%9D%B4%EB%B0%8D-%EC%9D%98%EC%9E%90-%EB%9D%BC%EC%9D%B8%EC%97%85","blogs/storage/8%EC%A3%BC%EC%B0%A8-%EC%9E%A5%EC%8B%9C%EA%B0%84-%EC%95%89%EC%95%84%EC%9E%88%EC%96%B4%EB%8F%84-%ED%94%BC%EB%A1%9C-%EC%97%86%EB%8A%94-%EB%B9%84%EB%B0%80-%EC%8B%9C%EB%94%94%EC%A6%88%EB%A7%8C%EC%9D%98-%EC%95%95%EB%A0%A5-%EB%B6%84%EC%82%B0-%EA%B8%B0%EC%88%A0%EA%B3%BC-%EA%B2%8C%EC%9D%B4%EB%B0%8D-%EC%9D%98%EC%9E%90-%EB%9D%BC%EC%9D%B8%EC%97%85","2026-07-15T17:04:54+09:00",,
"https://kr.sidiz.com/blogs/special-offers/trevo_review_event_2607","blogs/special-offers/trevo_review_event_2607","2026-07-13T17:00:23+09:00","트레보 #내돈내산 리뷰 이벤트","https://cdn.shopify.com/s/files/1/0865/4408/9378/articles/777494e11a1e901d7f68bb09a80573bc.png?v=1783929623"
"https://kr.sidiz.com/blogs/s-culture/chairtalkjuly","blogs/s-culture/chairtalkjuly","2026-07-21T17:18:26+09:00","허리에 좋은 의자, 어떻게 찾을 수 있을까요?","https://cdn.shopify.com/s/files/1/0865/4408/9378/articles/KS-1425.jpg?v=1784621906"
"https://kr.sidiz.com/blogs/news/t50-2ndgen","blogs/news/t50-2ndgen","2026-07-15T08:09:54+09:00",,
"https://kr.sidiz.com/blogs/storage/%EB%82%98%EC%97%90%EA%B2%8C-%EB%94%B1-%EB%A7%9E%EB%8A%94-%EA%B2%8C%EC%9D%B4%EB%B0%8D-%EC%B2%B4%EC%96%B4%EB%8A%94-%EA%B5%AD%EA%B0%80%EB%8C%80%ED%91%9C-%EA%B2%8C%EC%9D%B4%EB%B0%8D-%EC%9D%98%EC%9E%90-gc-pro-vs-%EC%9D%B8%EC%B2%B4%EA%B3%B5%ED%95%99-%EA%B2%8C%EC%9D%B4%EB%B0%8D-%EC%9D%98%EC%9E%90-gx-%EC%99%84%EB%B2%BD-%EB%B9%84%EA%B5%90","blogs/storage/%EB%82%98%EC%97%90%EA%B2%8C-%EB%94%B1-%EB%A7%9E%EB%8A%94-%EA%B2%8C%EC%9D%B4%EB%B0%8D-%EC%B2%B4%EC%96%B4%EB%8A%94-%EA%B5%AD%EA%B0%80%EB%8C%80%ED%91%9C-%EA%B2%8C%EC%9D%B4%EB%B0%8D-%EC%9D%98%EC%9E%90-gc-pro-vs-%EC%9D%B8%EC%B2%B4%EA%B3%B5%ED%95%99-%EA%B2%8C%EC%9D%B4%EB%B0%8D-%EC%9D%98%EC%9E%90-gx-%EC%99%84%EB%B2%BD-%EB%B9%84%EA%B5%90","2026-07-15T17:04:36+09:00",,
"https://kr.sidiz.com/blogs/s-culture/chairnotejuly","blogs/s-culture/chairnotejuly","2026-07-30T11:16:15+09:00","우리가 앉는 의자는 어떻게 지금의 모습이 되었을까?","https://cdn.shopify.com/s/files/1/0865/4408/9378/articles/ChatGPT_Image_2026_7_21_11_06_26_9f7b424e-d44e-480f-ac45-548fe12b7c10.png?v=1785377775"
"https://kr.sidiz.com/blogs/news/chairrace","blogs/news/chairrace","2026-07-27T11:37:20+09:00",,
"https://kr.sidiz.com/blogs/special-offers/2608-2semester","blogs/special-offers/2608-2semester","2026-08-06T18:57:56+09:00","시디즈와 함께 더욱 새로워질 2학기","https://cdn.shopify.com/s/files/1/0865/4408/9378/articles/2_3a8742d0-7d7e-446f-ba17-5fdb33b7417c.jpg?v=1786010276"
"https://kr.sidiz.com/blogs/s-culture/specialjuly","blogs/s-culture/specialjuly","2026-07-30T11:16:04+09:00","여름 의자 고르는 법: 풀메쉬와 쿨링시트는 어떻게 다를까","https://cdn.shopify.com/s/files/1/0865/4408/9378/articles/ChatGPT_Image_2026_7_27_07_04_47.png?v=1785377764"
"https://kr.sidiz.com/blogs/special-offers/living-club","blogs/special-offers/living-club","2026-08-14T17:00:10+09:00","시디즈 리빙 클럽 (8/17 구매건부터 적용)","https://cdn.shopify.com/s/files/1/0865/4408/9378/articles/8_4e10aab7-fb12-4c3c-ba6a-e4ca4c481113.png?v=1786693989"
"https://kr.sidiz.com/blogs/product-faq/care_14","blogs/product-faq/care_14","2026-08-24T18:10:24+09:00",,
"https://kr.sidiz.com/blogs/product-faq/as_1","blogs/product-faq/as_1","2026-08-19T16:54:18+09:00",,
"https://kr.sidiz.com/blogs/special-offers/%EA%B5%AD%EA%B0%80%EB%8C%80%ED%91%9C%EC%9D%98%EC%9E%90-%EC%84%B8%EB%8C%80%EA%B5%90%EC%B2%B4","blogs/special-offers/%EA%B5%AD%EA%B0%80%EB%8C%80%ED%91%9C%EC%9D%98%EC%9E%90-%EC%84%B8%EB%8C%80%EA%B5%90%EC%B2%B4","2026-08-11T18:21:06+09:00","국가대표의자 세대교체","https://cdn.shopify.com/s/files/1/0865/4408/9378/articles/8_GC_PRO_02_b66c5b62-0a84-465f-97d6-75d79d910d2d.jpg?v=1786440066"
